date,firm_id,stock_return,paper_count,news_count,news_sentiment,news_ai_exposure,gt_firm_attention,gt_ai_momentum
2014-01,QCOM,-0.00040376331671632126,40,0,0.0,0.0,24,18.14
2014-02,QCOM,0.01441631550639677,22,0,0.0,0.0,23,18.14
2014-03,QCOM,0.04741660790360824,27,0,0.0,0.0,21,17.14
2014-04,QCOM,0.002759628054920027,25,0,0.0,0.0,26,17.21
2014-05,QCOM,0.022106232708690277,30,0,0.0,0.0,20,16.86
2014-06,QCOM,-0.015537545630529559,53,0,0.0,0.0,17,18.0
2014-07,QCOM,-0.06430686901037042,25,0,0.0,0.0,23,19.29
2014-08,QCOM,0.03228413564826771,21,0,0.0,0.0,22,17.86
2014-09,QCOM,-0.012041368557507925,27,0,0.0,0.0,18,17.64
2014-10,QCOM,0.05001995299396578,47,0,0.0,0.0,21,18.14
2014-11,QCOM,-0.07145568422245285,25,0,0.0,0.0,28,18.36
2014-12,QCOM,0.025576098019670424,22,0,0.0,0.0,22,17.79
2015-01,QCOM,-0.15969365595727858,50,0,0.0,0.0,27,17.21
2015-02,QCOM,0.1609033003810052,19,0,0.0,0.0,34,17.07
2015-03,QCOM,-0.0437181462296341,21,0,0.0,0.0,26,17.0
2015-04,QCOM,-0.013611788951268133,25,0,0.0,0.0,28,17.0
2015-05,QCOM,0.024706144429676113,37,0,0.0,0.0,23,17.07
2015-06,QCOM,-0.10117706668132431,50,0,0.0,0.0,22,16.36
2015-07,QCOM,0.03523329522195273,22,3,0.998,0.0,34,16.71
2015-08,QCOM,-0.12129199895568987,19,1,0.992,0.0,27,15.43
2015-09,QCOM,-0.042370426300815556,33,2,0.9965,0.0046,22,15.64
2015-10,QCOM,0.10589994423142413,26,5,0.5982,0.0,24,16.36
2015-11,QCOM,-0.17889611041040676,13,2,0.999,0.0,35,16.36
2015-12,QCOM,0.034710784190846056,28,3,0.1403,0.0,30,16.36
2016-01,QCOM,-0.09301894267441757,91,4,0.0495,0.0,28,15.93
2016-02,QCOM,0.12020313480974831,17,0,0.0,0.0,32,16.14
2016-03,QCOM,0.016341873381765293,24,2,0.9955,0.0,26,16.21
2016-04,QCOM,-0.012123580973711245,22,1,0.999,0.0034,27,16.21
2016-05,QCOM,0.08709373389367348,44,1,0.999,0.0,23,17.0
2016-06,QCOM,-0.015217062246703161,18,1,0.998,0.0,23,16.14
2016-07,QCOM,0.1681913397178736,17,0,0.0,0.0,32,15.21
2016-08,QCOM,0.007829585277577378,20,0,0.0,0.0,29,14.79
2016-09,QCOM,0.09531396392609004,25,0,0.0,0.0,24,16.07
2016-10,QCOM,0.003211841608611099,29,1,0.996,0.0,29,17.0
2016-11,QCOM,-0.008585739629950684,14,1,0.999,0.0378,29,17.93
2016-12,QCOM,-0.03552082141776891,15,2,0.9985,0.0263,27,17.21
2017-01,QCOM,-0.18052131800425386,22,7,-0.1133,0.0063,42,17.64
2017-02,QCOM,0.057083975142669274,16,7,-0.3279,0.0,37,18.14
2017-03,QCOM,0.02471799456539192,23,6,-0.3913,0.0,29,19.21
2017-04,QCOM,-0.06278331277815596,17,1,0.998,0.0,36,19.07
2017-05,QCOM,0.06568685852535694,26,1,1.0,0.0,33,19.36
2017-06,QCOM,-0.026300283296712634,29,0,0.0,0.0,32,20.14
2017-07,QCOM,-0.03676185819301392,13,0,0.0,0.0,34,20.0
2017-08,QCOM,-0.017296469599127007,15,2,0.997,0.0,29,19.0
2017-09,QCOM,0.002758973256217434,25,0,0.0,0.0,29,19.79
2017-10,QCOM,-0.016010801014553766,20,2,0.9985,0.0,33,20.64
2017-11,QCOM,0.30052930612843,10,1,0.997,0.0,92,22.0
2017-12,QCOM,-0.026830715104645964,17,2,0.9925,0.0048,37,20.64
2018-01,QCOM,0.06607295534102797,52,0,0.0,0.0,42,21.21
2018-02,QCOM,-0.04761890579407391,14,2,0.998,0.0,75,21.64
2018-03,QCOM,-0.1402218144204027,15,0,0.0,0.0,76,21.07
2018-04,QCOM,-0.0794079007970937,24,1,0.995,0.0,49,21.0
2018-05,QCOM,0.1393842882498859,22,1,1.0,0.0,56,20.5
2018-06,QCOM,-0.02432269816082211,17,19,0.0284,0.0,47,19.71
2018-07,QCOM,0.14201687277625186,22,44,-0.6069,0.0,50,19.5
2018-08,QCOM,0.0720861989415118,27,10,-0.63,0.0,49,19.29
2018-09,QCOM,0.048319229729854696,11,1,0.995,0.0,45,20.29
2018-10,QCOM,-0.11894148021319073,26,1,0.995,0.0,32,21.07
2018-11,QCOM,-0.07362083319019741,15,0,0.0,0.0,35,21.29
2018-12,QCOM,-0.023171868723803946,16,1,0.998,0.0,33,20.07
2019-01,QCOM,-0.12040768655182976,39,0,0.0,0.0,41,20.43
2019-02,QCOM,0.07815025549226173,8,1,0.994,0.0,38,21.64
2019-03,QCOM,0.06817760412625451,13,0,0.0,0.0,45,21.64
2019-04,QCOM,0.527819233527768,19,1,0.995,0.0,100,21.14
2019-05,QCOM,-0.224195952616971,21,0,0.0,0.0,98,20.86
2019-06,QCOM,0.13843133487733428,10,0,0.0,0.0,52,20.64
2019-07,QCOM,-0.029463225877818133,15,0,0.0,0.0,56,20.71
2019-08,QCOM,0.06301243990147154,15,1,0.994,0.0,55,20.36
2019-09,QCOM,-0.01915915487294717,20,0,0.0,0.0,41,21.43
2019-10,QCOM,0.0629084178232362,21,0,0.0,0.0,38,21.79
2019-11,QCOM,0.038662629651710745,18,0,0.0,0.0,69,22.43
2019-12,QCOM,0.05601393506623875,21,0,0.0,0.0,44,20.93
2020-01,QCOM,-0.025597832043040225,36,0,0.0,0.0,57,25.93
2020-02,QCOM,-0.0821711334974683,12,1,0.996,0.0124,68,25.07
2020-03,QCOM,-0.1360149965035713,7,2,0.999,0.0434,56,20.14
2020-04,QCOM,0.1721478871299329,12,1,-0.516,0.0306,46,20.79
2020-05,QCOM,0.028091436724558827,16,4,0.991,0.015,46,22.21
2020-06,QCOM,0.12772056907614537,20,0,0.0,0.0,55,21.93
2020-07,QCOM,0.16683944842757792,21,2,0.989,0.0097,62,21.71
2020-08,QCOM,0.12773430269558217,14,0,0.0,0.0,65,20.71
2020-09,QCOM,-0.011922971662634008,15,9,0.5814,0.0417,54,22.07
2020-10,QCOM,0.05388100106506899,15,0,0.0,0.0,51,20.5
2020-11,QCOM,0.19301254699667214,22,1,0.999,0.0175,66,19.36
2020-12,QCOM,0.03512914674352996,15,13,0.6699,0.0234,63,19.07
2021-01,QCOM,0.030290524925718154,34,32,0.8759,0.0258,58,18.93
2021-02,QCOM,-0.1285512778252741,15,42,0.7598,0.0375,92,20.0
2021-03,QCOM,-0.026433547578671446,11,94,0.6161,0.0283,61,19.79
2021-04,QCOM,0.051824890629362574,19,104,0.6001,0.0191,60,19.36
2021-05,QCOM,-0.030691575572417196,5,52,0.6075,0.0153,49,19.64
2021-06,QCOM,0.06236064680253239,18,94,0.834,0.0244,54,20.21
2021-07,QCOM,0.053413786003059904,13,107,0.7233,0.0411,57,19.43
2021-08,QCOM,-0.02076124489235953,15,126,0.8335,0.0248,49,18.29
2021-09,QCOM,-0.1207308114458534,21,105,0.8828,0.0233,32,19.5
2021-10,QCOM,0.03628153240673915,21,103,0.785,0.015,34,19.64
2021-11,QCOM,0.35718607301090577,17,206,0.8176,0.0265,84,20.79
2021-12,QCOM,0.012793332040615502,16,171,0.8761,0.015,58,19.29
2022-01,QCOM,-0.03524676087975309,38,165,0.7616,0.0064,53,24.86
2022-02,QCOM,-0.021449561950814156,12,161,0.7373,0.0129,62,26.0
2022-03,QCOM,-0.11146000891669916,16,108,0.7626,0.021,50,27.36
2022-04,QCOM,-0.08210500173352697,11,142,0.6535,0.0095,52,26.71
2022-05,QCOM,0.02527022694442116,13,74,0.6452,0.0154,47,25.5
2022-06,QCOM,-0.10808540903990727,21,103,0.7323,0.0077,44,25.64
2022-07,QCOM,0.14156615760316038,14,130,0.5135,0.0276,54,23.43
2022-08,QCOM,-0.08817058158223157,7,91,0.6552,0.0232,43,22.79
2022-09,QCOM,-0.14104519328649456,13,94,0.6383,0.0223,39,24.5
2022-10,QCOM,0.04142343591458286,14,81,0.687,0.0102,39,24.57
2022-11,QCOM,0.0750466555562257,26,110,0.4728,0.0094,47,25.79
2022-12,QCOM,-0.125298555658936,15,64,0.6524,0.0073,28,25.86
2023-01,QCOM,0.21166103564202343,27,124,0.5272,0.0192,42,27.43
2023-02,QCOM,-0.07266737960734626,6,86,0.4972,0.0192,44,31.0
2023-03,QCOM,0.03278543125813749,14,87,0.6897,0.0226,33,30.57
2023-04,QCOM,-0.0789036462982291,14,58,0.7441,0.0459,28,30.14
2023-05,QCOM,-0.029023964835934724,17,104,0.565,0.0285,47,31.29
2023-06,QCOM,0.05693218688064383,17,73,0.7981,0.0465,45,32.64
2023-07,QCOM,0.11029877164485824,17,76,0.8305,0.0636,39,30.57
2023-08,QCOM,-0.1334642801437571,9,148,0.5577,0.0228,53,29.57
2023-09,QCOM,-0.02343142014905064,14,183,0.6117,0.0414,41,30.57
2023-10,QCOM,-0.018638496327842424,28,116,0.7183,0.0372,34,31.0
2023-11,QCOM,0.18405345342619595,9,155,0.6868,0.0389,53,31.86
2023-12,QCOM,0.1278561967134233,14,81,0.7929,0.031,51,30.79
2024-01,QCOM,0.026826793806050908,35,128,0.8048,0.0408,55,32.79
2024-02,QCOM,0.06248760915131624,6,117,0.7204,0.0342,61,36.07
2024-03,QCOM,0.07839485516609068,6,58,0.7673,0.0486,57,35.86
2024-04,QCOM,-0.020377832129703233,15,75,0.7535,0.0507,48,35.29
2024-05,QCOM,0.23032854243367362,16,136,0.8147,0.0586,86,36.21
2024-06,QCOM,-0.01986644279626082,21,101,0.7641,0.0665,72,34.0
2024-07,QCOM,-0.09152528090312728,24,127,0.801,0.0521,68,32.57
2024-08,QCOM,-0.031224216277861316,12,90,0.747,0.0581,68,33.07
2024-09,QCOM,-0.029948515976879753,15,93,0.7911,0.0713,54,35.36
2024-10,QCOM,-0.037864380006601306,29,59,0.8187,0.0626,53,36.21
2024-11,QCOM,-0.026048881310270944,10,15,0.2291,0.012,65,38.36
2024-12,QCOM,-0.030972331540458975,13,10,0.1925,0.0385,50,37.14
2025-01,QCOM,0.13158857772671917,21,73,0.8513,0.0687,54,38.79
2025-02,QCOM,-0.09113516915482867,9,116,0.7629,0.0516,66,41.43
2025-03,QCOM,-0.02265061911499122,11,73,0.7996,0.0458,46,39.86
2025-04,QCOM,-0.028315202087542013,4,110,0.8156,0.0382,52,40.07
2025-05,QCOM,-0.021958768981035104,9,140,0.8385,0.0577,48,40.21
2025-06,QCOM,0.09683188911127916,23,200,0.8204,0.0414,43,45.64
2025-07,QCOM,-0.07295247938138771,11,321,0.8396,0.0286,53,48.5
2025-08,QCOM,0.09518941503765799,8,234,0.9073,0.0179,67,87.57
2025-09,QCOM,0.03502777453434902,11,234,0.8932,0.0289,63,86.07
2025-10,QCOM,0.09358898179669684,5,409,0.7383,0.0271,85,86.86
2025-11,QCOM,-0.07081253367656593,15,374,0.7909,0.0327,69,91.29
2025-12,QCOM,0.01760959983015642,13,158,0.931,0.0311,45,86.86
