Solution,2026-01,2026-02,2026-03,2026-04,2026-05,2026-06,2026-07,2026-08,2026-09,2026-10,2026-11,2026-12,2027-01,2027-02,2027-03,2027-04,2027-05,2027-06,2027-07,2027-08,2027-09,2027-10,2027-11,2027-12
NVDA,-0.34998454812412044,-0.35574725500859744,-0.3601857631097104,-0.3640601955749194,-0.369171619144502,-0.37022352232431155,-0.3741846927002167,-0.3774951216069978,-0.381610115759234,-0.383013431680046,-0.38535627305633036,-0.38853779983866504,-0.3910854186310692,-0.3895258802729365,-0.3914880121549608,-0.3932159943708337,-0.39444583613536965,-0.3920862309177623,-0.3919659284697883,-0.390076994747945,-0.38857347098894646,-0.3862385314263592,-0.3847997406013557,-0.3807886128268301
MSFT,-0.40429346655622583,-0.40276513013637055,-0.39920328843498154,-0.39582082879348246,-0.392171668403483,-0.38771906124756284,-0.38321512920447076,-0.37988274514537573,-0.376385517599198,-0.3721649671168741,-0.36965045622218284,-0.3678435212658944,-0.36368861404456626,-0.3593550142232426,-0.3544145975827026,-0.3497358521603929,-0.3464137357949796,-0.3424454742760453,-0.3378993524084589,-0.33355828588463143,-0.3290352618260671,-0.326075095918394,-0.32212694683267085,-0.31838236544316967
AMZN,-0.36077035492741444,-0.35934712699073296,-0.3568282187258415,-0.3542403365063115,-0.351371812748367,-0.3481651184744994,-0.3445406648820065,-0.34294698217968517,-0.340415818477934,-0.33726571568752195,-0.3351418674126734,-0.33416800683526277,-0.3311589684637874,-0.32843203321407294,-0.3250728975999127,-0.3221696376655164,-0.31976825174987933,-0.31663372664634026,-0.31415611928923115,-0.3111475240400987,-0.3084627809283177,-0.3058007207580883,-0.30355640691954755,-0.30167791818039624
INTC,-0.28173643878467197,-0.2773684678488381,-0.27128186318503433,-0.26488496453887356,-0.25815486632799883,-0.2513756294390592,-0.24374347807814545,-0.23822085658948206,-0.2315870146733946,-0.22560635704682575,-0.2206245958257802,-0.2166095247065684,-0.21058469851488754,-0.20375810369628483,-0.1968505730018037,-0.18976941173678935,-0.18393323020186558,-0.1785294044426302,-0.1727158017349818,-0.16734480407907226,-0.16085605107723977,-0.1565378091611873,-0.15185527365882479,-0.14664145079747648
AMD,-0.13386030854190578,-0.13769496389631297,-0.1426713684138904,-0.14494164236904628,-0.14931443006101958,-0.14958108103245227,-0.1548385201994521,-0.15907817963534093,-0.16406341240503097,-0.16202044459920084,-0.16196942539506076,-0.1655417853611973,-0.16772730555218002,-0.1673904817286614,-0.16457483674570322,-0.16538838773260084,-0.1662832528320064,-0.16213033299205826,-0.15793345064196107,-0.15495800157440054,-0.15045155841498048,-0.14626769159591302,-0.14260153010224674,-0.13808997825102642
META,-0.05101890479037957,-0.05890851424063903,-0.06624318939080376,-0.07306636577990933,-0.08096773752997283,-0.08729317225718708,-0.09378426010502683,-0.09911205978123566,-0.10537842774021877,-0.11110494754389455,-0.11790894555206732,-0.1237168722095196,-0.12904428049064304,-0.13216228049952577,-0.13760900252929548,-0.1415469997960193,-0.14732857765093754,-0.15120510810569165,-0.15430794644344403,-0.15532430164795918,-0.1600252942817073,-0.1632096639911632,-0.16674810494384995,-0.17155707523449415
TSM,-0.13091508907428323,-0.12783834965554014,-0.12337489730776907,-0.11861551221359584,-0.11441077506366942,-0.10935259754138016,-0.10424673602956946,-0.10057269953023934,-0.0966903147607363,-0.09298156694473936,-0.08967548912585321,-0.08708672064002504,-0.08382307156063956,-0.08027002779041464,-0.07541218294415947,-0.07141494518837604,-0.06814570510070872,-0.06534835784300319,-0.06162929659753902,-0.05845655637574276,-0.05533536730689481,-0.053863504689676156,-0.05073804114083991,-0.04840285933865918
IBM,-0.0961475708681549,-0.09429867809378184,-0.09098976810204029,-0.08768818110681331,-0.08400492985673769,-0.07986320248569007,-0.07483918661240313,-0.0717527278671467,-0.06810056751030913,-0.06387805725373674,-0.06035314207629383,-0.05836016062244237,-0.05411049775368121,-0.04963778566764038,-0.04415207594073506,-0.03908185111800272,-0.03531734032694567,-0.03135477369973483,-0.027491893681716006,-0.023552898489373697,-0.018910561389113956,-0.016277398599965354,-0.012706350854229886,-0.00865781298289725
AVGO,0.012220246369511023,0.009074951952345589,0.007544904838314936,0.005971338230318313,0.003676398532249492,0.0021242031963925045,0.0022742315812209757,0.0007463951500222832,-0.0013610745716758355,-0.0037660638868693974,-0.006913449426895979,-0.01061626342403793,-0.012762279751384498,-0.012532171857610741,-0.014655480154966705,-0.015042350864068854,-0.01675618298340431,-0.019200921549902494,-0.020339132400765125,-0.021005619443072554,-0.0226532226395586,-0.025281839288430863,-0.026048589240692754,-0.027886166508602206
GOOGL,-0.023431712755239642,-0.023097217830920946,-0.021413329906005973,-0.019831609460759514,-0.01780019029930774,-0.016426020005171682,-0.013543160929048281,-0.012157723522338182,-0.010384699184397772,-0.008743890590982739,-0.0072551544615407915,-0.007227169161827474,-0.005235876068976186,-0.002909688968106394,-0.0010930142239838903,0.0007753800551401624,0.00190990947421521,0.003618320003087816,0.005224631260422941,0.007603059885283092,0.009341238760122828,0.010537025009990098,0.011744765302845961,0.012728422815646456
MU,-0.10689908430026024,-0.09908373215164917,-0.08933766644902624,-0.07968842559700706,-0.06938462403984669,-0.05958244869940882,-0.04841047761677042,-0.04020141380877035,-0.03076343776012036,-0.021892944227615285,-0.013682448476452613,-0.0073920217620021544,0.0013116782062752574,0.009803650007649045,0.019491994242969712,0.028527655331299473,0.036807669831550816,0.043885397112883084,0.05170890053526361,0.05844605541369563,0.06677008094342846,0.07260700871755349,0.07922951298932057,0.08612683667426624
NOW,-0.021013090507198684,-0.01894088106516656,-0.014442284700917296,-0.010505446115096406,-0.005710779773028474,-0.001944897524574718,0.0033299963160979273,0.00545023494970831,0.009363360597789638,0.01218717523004681,0.014042496508094082,0.014567143907110502,0.01773473159980654,0.020088761708629888,0.022776584462623373,0.025206597736224412,0.027582005186467307,0.028763376929843654,0.02980431182492127,0.03061899426872916,0.03189260529650839,0.032182318538679366,0.03277136861535934,0.03272307377215067
SAP,-0.027715453499094767,-0.02172848324730653,-0.014171259284130155,-0.006810735311829186,0.0007662677692886755,0.008204558777493931,0.017052033836470193,0.022885707918380183,0.029682028867088706,0.03612501940395202,0.042227198903367236,0.046481991141547885,0.05283714485971058,0.059205723897300444,0.0660872165251501,0.07272864741428392,0.07885809993527026,0.08395076110472782,0.08971975104758739,0.09484455462414232,0.10028222848704432,0.10415057078799678,0.10885631839504506,0.11334589103902004
AAPL,-0.018258736852565738,-0.01249811101579229,-0.005096266471022293,0.0024199580925890474,0.010188502410597822,0.018208924191218,0.02673464645162471,0.0334030585381897,0.04107824336210186,0.04856834733782733,0.055709902245482446,0.06104761783344681,0.06811678535926002,0.0755869153074748,0.08412275550984488,0.0919603707829767,0.09877890338341222,0.10550079972662602,0.11247956560248906,0.11869896611930075,0.12604010727107084,0.13120078895276188,0.1372286180800304,0.14382822166489034
QCOM,-0.048075467887173484,-0.03852458589114299,-0.02720295487845198,-0.016063076157311673,-0.0045846568100483265,0.006510532523817503,0.018624947999769492,0.027898282923944362,0.03832464938046215,0.04796629317695117,0.056855648051578,0.06414687155881726,0.07326921286496468,0.0826033995079003,0.09243128189502531,0.10167520021060378,0.11039177282734619,0.11786383778608028,0.12594634547876266,0.1334967421926916,0.14193282144769026,0.14847646566693834,0.15566184500494995,0.16269991138503892
ORCL,0.12192778432031001,0.11709730587748901,0.11282510098462228,0.10858072511808992,0.10484430496148367,0.10116424475977859,0.09862259348541791,0.09423728940175796,0.08989548368415118,0.08667477758839459,0.08123681194223392,0.07670297467618281,0.07463702273997558,0.07083896881767154,0.06788979394840489,0.06539739861815719,0.06195294640157584,0.05878261757328063,0.05560386517743715,0.05321363031194426,0.04958165890284949,0.04625407624060551,0.04266617265519601,0.03799135370894269
CSCO,0.028148114111609557,0.03233612372152167,0.038021375792251955,0.04375206899082584,0.049453044204808116,0.05568166970266186,0.06220557232565371,0.06727541197855075,0.0731417115932338,0.07870223073419569,0.08389749590560786,0.08775012264018722,0.09304747249454692,0.09889398876510241,0.10586894581103456,0.11223961879961847,0.11749939544305343,0.12242240089260648,0.12829550673308232,0.13305823243044257,0.13869390911288837,0.14177033246865461,0.1464084673252371,0.15135526661141252
ADBE,0.03951744965207077,0.043240360020407376,0.04838395385428723,0.05343198585244696,0.0586669005084266,0.06403600226810197,0.07020927728320153,0.07457803843235838,0.07983779918602774,0.08474005929078993,0.0893803899618304,0.09278626562182152,0.09762746365635105,0.10237688974497994,0.10812506680537148,0.11330378691453641,0.11798048883596624,0.12232159768488915,0.12680832244688378,0.13121960967179436,0.13565388846711518,0.13901103953080451,0.1429715936850776,0.14699271984362078
TSLA,0.026225454732688502,0.03183057899336711,0.03890400808327288,0.045586481596693984,0.05291038432478923,0.05982208765949687,0.06740510903783292,0.07294718773499242,0.07977028327515018,0.0859226816918165,0.09157824136991333,0.0959197877630405,0.10186120523279174,0.10724430815925118,0.11386948818222403,0.11984686562715419,0.1251250545657055,0.1300911607254186,0.13513953021976782,0.13962070210908917,0.14451197634289625,0.14804312994632807,0.15188409329289487,0.15561401994571505
ASML,0.04423450927354472,0.04810878339871083,0.05248165475301403,0.05785812077341118,0.06238555572277388,0.06855294802979633,0.0736953423150688,0.07681865562590334,0.08064990955887819,0.0865052416432937,0.09104866966422959,0.0933122351163927,0.09755798362960877,0.10305944933689692,0.11002988839742495,0.11526726057406017,0.1201414897361523,0.12558699936926326,0.13168848156550467,0.13698888434017592,0.14402988439179765,0.14865703108552009,0.15431228597735785,0.16047324877014324
ADI,-0.002531264659416166,0.006142545365204699,0.016614179486872827,0.02677482498865824,0.037646433259326484,0.04797734645398677,0.05949974070428249,0.06785918605116303,0.07786508184757746,0.08705341139147704,0.09579140673129877,0.10248685899679078,0.11145357408880568,0.12003388309827612,0.12979521263037314,0.13883437877585936,0.14751270170520103,0.1548810404828468,0.16265394069735206,0.16929038031796578,0.17756376598697998,0.18359922259814287,0.1902125441561942,0.19724787052779702
AMAT,-0.008865397234117223,0.0012212790362480797,0.0130968821017724,0.024806883471909735,0.03699157170746453,0.0484460843046271,0.06141996619880152,0.0711819660749371,0.08219786280960678,0.09222782206412344,0.10178235905235816,0.10928275031264073,0.11888987838386783,0.12845795893295003,0.1387899080792626,0.1486260703661938,0.1577490870644382,0.16529455069592092,0.17366677641333028,0.18097498688718094,0.1895033369814687,0.19559750554371003,0.20257250139936567,0.20967957828405254
PANW,0.05463540578783255,0.060535778298116516,0.06779434435218246,0.07516769477959373,0.08289067934959438,0.09010960499299897,0.09795165069306172,0.10349406583233611,0.11036170562701791,0.11667316607899353,0.12267663348681579,0.126905132058515,0.13284356925875213,0.1384147764651325,0.14543686159302,0.1514428827662026,0.1572704498414927,0.16233775373846487,0.16770265748681612,0.17210633384000268,0.17748359113528694,0.1811743601559057,0.1855494824760262,0.18955570489543927
TXN,0.06591833556204285,0.07367874083294812,0.0833011071300111,0.09279412600282544,0.10292567533897551,0.11254976253568899,0.12335387923783703,0.13134199801830926,0.14072484164750154,0.14931306381245502,0.15733763461174793,0.16353963628676715,0.17192195626455958,0.18005046551035203,0.18943992878491794,0.19825025403630858,0.20627760707546827,0.2130474763203471,0.22055977838624075,0.2268083422872227,0.23465621097894673,0.2399816962669828,0.24609979410204857,0.2525730854132361
ADSK,0.08753470153860254,0.09579571509341606,0.10558740623753082,0.11526527897520022,0.12528728163310698,0.1352190995708028,0.1459337141876434,0.15384930699414073,0.16314810699020316,0.17179735105951716,0.180110997667711,0.18658676363284016,0.19484103911969808,0.20312616103325598,0.21264406664635577,0.22132012666740836,0.22966239650285158,0.23680038355645078,0.24458513376052854,0.2511249223806182,0.2592668731917323,0.26479651639477053,0.27130611035012747,0.27844102336430604
STX,0.1044996343167324,0.11155546891450971,0.12037513576602382,0.12920410139719324,0.13859538884328387,0.14769259331259038,0.15800334553132123,0.16544998704417024,0.1738673355096973,0.1821550519235819,0.18974535993678832,0.19546778709835233,0.2035479552886416,0.21138194841118135,0.22077630382199964,0.229302049999549,0.23696123333975438,0.24355408476827434,0.2510680857152122,0.2570527641355986,0.265249207648642,0.27015319684053474,0.2764105764693833,0.2832236401654145
LRCX,0.1398224455985848,0.1457068918592485,0.15308141004810802,0.16073437562492587,0.16850868036607605,0.17630827817068548,0.18516049098897602,0.19101620559135676,0.19780517278796778,0.2044508561526291,0.20992809449463273,0.21419381201482995,0.2206897048450054,0.22657500902563094,0.23388851740471223,0.24062907040191467,0.2464283108663946,0.2513349578333657,0.2575337527774691,0.2622276829932242,0.26814685644001074,0.2716179911654921,0.27600891145553785,0.2802409647982258
KLAC,0.23043258142311476,0.23902997829346317,0.24929520662309268,0.25941562017350894,0.26979490435739706,0.28005442549746107,0.29136126549543506,0.29963413651596194,0.3089194749468933,0.3173332689652877,0.3253011982063092,0.3315946022991755,0.33974523097174164,0.34760082997108865,0.35643944509487535,0.3647172203536052,0.3723915569184526,0.3785350586441445,0.3857604855158875,0.39202381477712445,0.3987443089423123,0.40351577277976125,0.40911194649381033,0.4141247201980052
INTU,0.25439749673291445,0.2636426369041071,0.27451461303559144,0.2852289104589262,0.29653824758564284,0.30728449028578153,0.31934040245816175,0.32843955270897607,0.33898500719841396,0.34882160687355507,0.3580640789002515,0.3654631274971547,0.3748750235898063,0.3840028223099289,0.3944682483355416,0.40437983766735563,0.41315991946920005,0.4208195988330814,0.42903094895620847,0.4359982422028416,0.4443445290328778,0.45011786153705197,0.45681918396703464,0.4639441318520134
