source_id,target_id,weight,relation_type
AMAT,LRCX,0.9204403813960812,hybrid
LRCX,AMAT,0.9204403813960812,hybrid
TXN,ADI,0.9127970859502201,hybrid
ADI,TXN,0.9127970859502201,hybrid
KLAC,AMAT,0.8842378064290333,hybrid
AMAT,KLAC,0.8842378064290333,hybrid
KLAC,LRCX,0.8786695518370806,hybrid
LRCX,KLAC,0.8786695518370806,hybrid
LRCX,ASML,0.8708846375332311,hybrid
ASML,LRCX,0.8708846375332311,hybrid
LRCX,MU,0.8648882264458793,hybrid
MU,LRCX,0.8648882264458793,hybrid
AMAT,ASML,0.8634536812948392,hybrid
ASML,AMAT,0.8634536812948392,hybrid
KLAC,ASML,0.8537469567503577,hybrid
ASML,KLAC,0.8537469567503577,hybrid
MU,AMAT,0.8353463782379037,hybrid
AMAT,MU,0.8353463782379037,hybrid
INTU,ADBE,0.8293582831241956,hybrid
ADBE,INTU,0.8293582831241956,hybrid
TSM,LRCX,0.8271003120259814,hybrid
LRCX,TSM,0.8271003120259814,hybrid
CRM,NOW,0.8259747160058277,hybrid
NOW,CRM,0.8259747160058277,hybrid
AMAT,TSM,0.8107347606804822,hybrid
TSM,AMAT,0.8107347606804822,hybrid
ADI,AMAT,0.8054512609884836,hybrid
AMAT,ADI,0.8054512609884836,hybrid
ADSK,NOW,0.8050664845996618,hybrid
NOW,ADSK,0.8050664845996618,hybrid
CRM,ADBE,0.804402740497456,hybrid
ADBE,CRM,0.804402740497456,hybrid
ADBE,MSFT,0.8043156792479975,hybrid
MSFT,ADBE,0.8043156792479975,hybrid
ASML,TSM,0.8005212840380688,hybrid
TSM,ASML,0.8005212840380688,hybrid
INTU,MSFT,0.8002626724069501,hybrid
MSFT,INTU,0.8002626724069501,hybrid
ADSK,INTU,0.8000838468917422,hybrid
INTU,ADSK,0.8000838468917422,hybrid
ADBE,NOW,0.7977546711134923,hybrid
NOW,ADBE,0.7977546711134923,hybrid
MSFT,AMZN,0.7959711655686796,hybrid
AMZN,MSFT,0.7959711655686796,hybrid
ADSK,ADBE,0.7941707069457489,hybrid
ADBE,ADSK,0.7941707069457489,hybrid
GOOGL,AMZN,0.7932061094530913,hybrid
AMZN,GOOGL,0.7932061094530913,hybrid
AMZN,CRM,0.7931505335970721,hybrid
CRM,AMZN,0.7931505335970721,hybrid
MSFT,ASML,0.7930851201332243,hybrid
ASML,MSFT,0.7930851201332243,hybrid
MSFT,SAP,0.7927018246242217,hybrid
SAP,MSFT,0.7927018246242217,hybrid
CRM,INTU,0.7865300998588589,hybrid
INTU,CRM,0.7865300998588589,hybrid
KLAC,MU,0.7862354526605422,hybrid
MU,KLAC,0.7862354526605422,hybrid
ADI,KLAC,0.7862158955987648,hybrid
KLAC,ADI,0.7862158955987648,hybrid
MSFT,NVDA,0.7858405705376592,hybrid
NVDA,MSFT,0.7858405705376592,hybrid
TXN,AMAT,0.7800147376148981,hybrid
AMAT,TXN,0.7800147376148981,hybrid
ASML,ADI,0.7799213140037715,hybrid
ADI,ASML,0.7799213140037715,hybrid
MU,ASML,0.7776096067071828,hybrid
ASML,MU,0.7776096067071828,hybrid
LRCX,STX,0.7768575776595646,hybrid
STX,LRCX,0.7768575776595646,hybrid
TSM,KLAC,0.7757010469877724,hybrid
KLAC,TSM,0.7757010469877724,hybrid
TXN,KLAC,0.7752765879088068,hybrid
KLAC,TXN,0.7752765879088068,hybrid
ASML,TXN,0.7752269090133784,hybrid
TXN,ASML,0.7752269090133784,hybrid
AAPL,ADBE,0.7750674522142891,hybrid
ADBE,AAPL,0.7750674522142891,hybrid
MSFT,CRM,0.7748981089875824,hybrid
CRM,MSFT,0.7748981089875824,hybrid
CRM,ADSK,0.7731390595075982,hybrid
ADSK,CRM,0.7731390595075982,hybrid
NVDA,AMAT,0.773118743676442,hybrid
AMAT,NVDA,0.773118743676442,hybrid
ASML,STX,0.7715615134600118,hybrid
STX,ASML,0.7715615134600118,hybrid
ADBE,AMZN,0.7714582957324286,hybrid
AMZN,ADBE,0.7714582957324286,hybrid
AMD,NVDA,0.7687817308663121,hybrid
NVDA,AMD,0.7687817308663121,hybrid
ADBE,ASML,0.7683716057403439,hybrid
ASML,ADBE,0.7683716057403439,hybrid
NVDA,TSM,0.768037695761786,hybrid
TSM,NVDA,0.768037695761786,hybrid
AMZN,NOW,0.7677923374729927,hybrid
NOW,AMZN,0.7677923374729927,hybrid
AMAT,STX,0.7666240877274408,hybrid
STX,AMAT,0.7666240877274408,hybrid
KLAC,MSFT,0.7665046522475367,hybrid
MSFT,KLAC,0.7665046522475367,hybrid
ADI,LRCX,0.7664818549251614,hybrid
LRCX,ADI,0.7664818549251614,hybrid
GOOGL,MSFT,0.7664418836322769,hybrid
MSFT,GOOGL,0.7664418836322769,hybrid
MU,INTC,0.7664378551135651,hybrid
INTC,MU,0.7664378551135651,hybrid
MSFT,ORCL,0.766033086160689,hybrid
ORCL,MSFT,0.766033086160689,hybrid
NVDA,AMZN,0.7652726192150252,hybrid
AMZN,NVDA,0.7652726192150252,hybrid
AMAT,AVGO,0.7650507374302364,hybrid
AVGO,AMAT,0.7650507374302364,hybrid
AMZN,ADSK,0.7643088627763284,hybrid
ADSK,AMZN,0.7643088627763284,hybrid
ASML,NVDA,0.7638671203028435,hybrid
NVDA,ASML,0.7638671203028435,hybrid
NVDA,ADBE,0.7637608360806827,hybrid
ADBE,NVDA,0.7637608360806827,hybrid
STX,MU,0.7627620513842183,hybrid
MU,STX,0.7627620513842183,hybrid
ADSK,SAP,0.7626122893543483,hybrid
SAP,ADSK,0.7626122893543483,hybrid
PANW,NOW,0.7605035830652895,hybrid
NOW,PANW,0.7605035830652895,hybrid
INTC,ASML,0.7602019217974063,hybrid
ASML,INTC,0.7602019217974063,hybrid
AMAT,ADSK,0.7600191494986513,hybrid
ADSK,AMAT,0.7600191494986513,hybrid
MSFT,ADSK,0.7587687251528568,hybrid
ADSK,MSFT,0.7587687251528568,hybrid
SAP,ADBE,0.75679332387389,hybrid
ADBE,SAP,0.75679332387389,hybrid
SAP,ASML,0.7539210394688753,hybrid
ASML,SAP,0.7539210394688753,hybrid
ASML,GOOGL,0.7536006403499751,hybrid
GOOGL,ASML,0.7536006403499751,hybrid
MSFT,AAPL,0.7520422302333161,hybrid
AAPL,MSFT,0.7520422302333161,hybrid
AMZN,INTU,0.7515582957632947,hybrid
INTU,AMZN,0.7515582957632947,hybrid
TSLA,CRM,0.7512678472131518,hybrid
CRM,TSLA,0.7512678472131518,hybrid
INTC,LRCX,0.7509150574793244,hybrid
LRCX,INTC,0.7509150574793244,hybrid
NVDA,AAPL,0.7497312030313077,hybrid
AAPL,NVDA,0.7497312030313077,hybrid
AMZN,AMD,0.7494430897715976,hybrid
AMD,AMZN,0.7494430897715976,hybrid
MSFT,TSM,0.7493390276595999,hybrid
TSM,MSFT,0.7493390276595999,hybrid
NVDA,LRCX,0.7491031653221061,hybrid
LRCX,NVDA,0.7491031653221061,hybrid
LRCX,GOOGL,0.7489721915952126,hybrid
GOOGL,LRCX,0.7489721915952126,hybrid
ADSK,LRCX,0.7477305651458768,hybrid
LRCX,ADSK,0.7477305651458768,hybrid
AMZN,AAPL,0.7474336077335488,hybrid
AAPL,AMZN,0.7474336077335488,hybrid
TXN,LRCX,0.7463742926176083,hybrid
LRCX,TXN,0.7463742926176083,hybrid
MU,ADI,0.7459769996535546,hybrid
ADI,MU,0.7459769996535546,hybrid
CRM,GOOGL,0.7451350793930576,hybrid
GOOGL,CRM,0.7451350793930576,hybrid
NVDA,CRM,0.7445418449866449,hybrid
CRM,NVDA,0.7445418449866449,hybrid
ADSK,TXN,0.744465686751125,hybrid
TXN,ADSK,0.744465686751125,hybrid
TSM,GOOGL,0.7444023116610554,hybrid
GOOGL,TSM,0.7444023116610554,hybrid
IBM,CSCO,0.7440678749556887,hybrid
CSCO,IBM,0.7440678749556887,hybrid
ADSK,ADI,0.7437167852610561,hybrid
ADI,ADSK,0.7437167852610561,hybrid
LRCX,MSFT,0.7427062197158741,hybrid
MSFT,LRCX,0.7427062197158741,hybrid
AAPL,QCOM,0.7419007141826035,hybrid
QCOM,AAPL,0.7419007141826035,hybrid
ORCL,INTU,0.7412720545036448,hybrid
INTU,ORCL,0.7412720545036448,hybrid
INTU,SAP,0.7406913940576809,hybrid
SAP,INTU,0.7406913940576809,hybrid
NVDA,TXN,0.7406635376765365,hybrid
TXN,NVDA,0.7406635376765365,hybrid
NVDA,ADI,0.7398023076763898,hybrid
ADI,NVDA,0.7398023076763898,hybrid
AMD,AMAT,0.7396149308134408,hybrid
AMAT,AMD,0.7396149308134408,hybrid
NVDA,INTU,0.7390972184656528,hybrid
INTU,NVDA,0.7390972184656528,hybrid
TXN,ADBE,0.7387236244178048,hybrid
ADBE,TXN,0.7387236244178048,hybrid
CRM,SAP,0.7384768375522726,hybrid
SAP,CRM,0.7384768375522726,hybrid
AAPL,TSLA,0.7381395755352481,hybrid
TSLA,AAPL,0.7381395755352481,hybrid
AVGO,TSM,0.7373059413002347,hybrid
TSM,AVGO,0.7373059413002347,hybrid
ORCL,ASML,0.737164912192205,hybrid
ASML,ORCL,0.737164912192205,hybrid
ASML,ADSK,0.7371519989345898,hybrid
ADSK,ASML,0.7371519989345898,hybrid
GOOGL,AMAT,0.7370581662936527,hybrid
AMAT,GOOGL,0.7370581662936527,hybrid
AAPL,INTU,0.7366740110951961,hybrid
INTU,AAPL,0.7366740110951961,hybrid
ADBE,ORCL,0.7352374327476797,hybrid
ORCL,ADBE,0.7352374327476797,hybrid
STX,TSM,0.7352370942777179,hybrid
TSM,STX,0.7352370942777179,hybrid
ADSK,AAPL,0.7351406147509327,hybrid
AAPL,ADSK,0.7351406147509327,hybrid
ORCL,NVDA,0.7351185660109619,hybrid
NVDA,ORCL,0.7351185660109619,hybrid
ADSK,CSCO,0.734777833546006,hybrid
CSCO,ADSK,0.734777833546006,hybrid
AAPL,ASML,0.7335879669631951,hybrid
ASML,AAPL,0.7335879669631951,hybrid
ASML,AVGO,0.7331707317042145,hybrid
AVGO,ASML,0.7331707317042145,hybrid
QCOM,TSM,0.7331496394576839,hybrid
TSM,QCOM,0.7331496394576839,hybrid
TSM,AMD,0.7328274537057966,hybrid
AMD,TSM,0.7328274537057966,hybrid
META,MSFT,0.7315310793306563,hybrid
MSFT,META,0.7315310793306563,hybrid
AMZN,TSM,0.7314924369460435,hybrid
TSM,AMZN,0.7314924369460435,hybrid
AMZN,SAP,0.7308435402719321,hybrid
SAP,AMZN,0.7308435402719321,hybrid
AAPL,SAP,0.7307028966591542,hybrid
SAP,AAPL,0.7307028966591542,hybrid
INTU,NOW,0.7306613045451036,hybrid
NOW,INTU,0.7306613045451036,hybrid
MU,TSM,0.7306431267249068,hybrid
TSM,MU,0.7306431267249068,hybrid
KLAC,STX,0.7305587444995166,hybrid
STX,KLAC,0.7305587444995166,hybrid
LRCX,QCOM,0.7300287292688892,hybrid
QCOM,LRCX,0.7300287292688892,hybrid
AAPL,ADI,0.7298838755131263,hybrid
ADI,AAPL,0.7298838755131263,hybrid
ORCL,IBM,0.7294971524518699,hybrid
IBM,ORCL,0.7294971524518699,hybrid
TXN,CSCO,0.7294398070249626,hybrid
CSCO,TXN,0.7294398070249626,hybrid
AAPL,TXN,0.7293337138695618,hybrid
TXN,AAPL,0.7293337138695618,hybrid
KLAC,GOOGL,0.7293299608902131,hybrid
GOOGL,KLAC,0.7293299608902131,hybrid
STX,INTC,0.7289924921113238,hybrid
INTC,STX,0.7289924921113238,hybrid
LRCX,AVGO,0.7288115316723475,hybrid
AVGO,LRCX,0.7288115316723475,hybrid
QCOM,KLAC,0.7283206833478924,hybrid
KLAC,QCOM,0.7283206833478924,hybrid
ADSK,GOOGL,0.7282237116753636,hybrid
GOOGL,ADSK,0.7282237116753636,hybrid
INTU,TXN,0.728206300213178,hybrid
TXN,INTU,0.728206300213178,hybrid
NOW,MSFT,0.7281086487726457,hybrid
MSFT,NOW,0.7281086487726457,hybrid
AMZN,META,0.7276976785882004,hybrid
META,AMZN,0.7276976785882004,hybrid
QCOM,TXN,0.7274400959432503,hybrid
TXN,QCOM,0.7274400959432503,hybrid
NVDA,MU,0.7273193122414344,hybrid
MU,NVDA,0.7273193122414344,hybrid
SAP,ORCL,0.7267584910610057,hybrid
ORCL,SAP,0.7267584910610057,hybrid
MU,TXN,0.7251093963253973,hybrid
TXN,MU,0.7251093963253973,hybrid
AMD,LRCX,0.7248962063156047,hybrid
LRCX,AMD,0.7248962063156047,hybrid
ADI,AVGO,0.7241661461213316,hybrid
AVGO,ADI,0.7241661461213316,hybrid
TSM,TXN,0.7241209270244304,hybrid
TXN,TSM,0.7241209270244304,hybrid
GOOGL,NOW,0.7234058306353827,hybrid
NOW,GOOGL,0.7234058306353827,hybrid
AAPL,CRM,0.7232730809281129,hybrid
CRM,AAPL,0.7232730809281129,hybrid
LRCX,ADBE,0.7228182612410072,hybrid
ADBE,LRCX,0.7228182612410072,hybrid
AVGO,ADSK,0.7224065932141991,hybrid
ADSK,AVGO,0.7224065932141991,hybrid
PANW,AAPL,0.722114878815473,hybrid
AAPL,PANW,0.722114878815473,hybrid
NVDA,KLAC,0.7217860100849269,hybrid
KLAC,NVDA,0.7217860100849269,hybrid
AMAT,ORCL,0.7207902434357325,hybrid
ORCL,AMAT,0.7207902434357325,hybrid
LRCX,INTU,0.7202493278494346,hybrid
INTU,LRCX,0.7202493278494346,hybrid
AMAT,CSCO,0.7200315510206724,hybrid
CSCO,AMAT,0.7200315510206724,hybrid
NVDA,SAP,0.719978713460777,hybrid
SAP,NVDA,0.719978713460777,hybrid
GOOGL,AVGO,0.719787484275643,hybrid
AVGO,GOOGL,0.719787484275643,hybrid
AAPL,TSM,0.7197736198391921,hybrid
TSM,AAPL,0.7197736198391921,hybrid
ADI,INTU,0.7192986875130496,hybrid
INTU,ADI,0.7192986875130496,hybrid
AMD,QCOM,0.719290337381442,hybrid
QCOM,AMD,0.719290337381442,hybrid
AMAT,MSFT,0.7190536964374712,hybrid
MSFT,AMAT,0.7190536964374712,hybrid
INTU,ASML,0.7190150582277728,hybrid
ASML,INTU,0.7190150582277728,hybrid
ASML,CSCO,0.7186886974360949,hybrid
CSCO,ASML,0.7186886974360949,hybrid
ORCL,LRCX,0.7185548025525866,hybrid
LRCX,ORCL,0.7185548025525866,hybrid
MSFT,STX,0.718286828883923,hybrid
STX,MSFT,0.718286828883923,hybrid
META,TSM,0.7181626681221711,hybrid
TSM,META,0.7181626681221711,hybrid
MSFT,AMD,0.7180106602591135,hybrid
AMD,MSFT,0.7180106602591135,hybrid
ASML,QCOM,0.7169669885868467,hybrid
QCOM,ASML,0.7169669885868467,hybrid
ADBE,ADI,0.7166933535323159,hybrid
ADI,ADBE,0.7166933535323159,hybrid
LRCX,AAPL,0.7166209617651638,hybrid
AAPL,LRCX,0.7166209617651638,hybrid
AVGO,NVDA,0.7161162236379979,hybrid
NVDA,AVGO,0.7161162236379979,hybrid
AMAT,INTC,0.7159404968317373,hybrid
INTC,AMAT,0.7159404968317373,hybrid
KLAC,AVGO,0.7155721181720684,hybrid
AVGO,KLAC,0.7155721181720684,hybrid
NVDA,GOOGL,0.7152337370398308,hybrid
GOOGL,NVDA,0.7152337370398308,hybrid
KLAC,ORCL,0.7149720037273595,hybrid
ORCL,KLAC,0.7149720037273595,hybrid
QCOM,ADI,0.7147371147508494,hybrid
ADI,QCOM,0.7147371147508494,hybrid
GOOGL,META,0.7142644147612529,hybrid
META,GOOGL,0.7142644147612529,hybrid
AMD,KLAC,0.7139716516644676,hybrid
KLAC,AMD,0.7139716516644676,hybrid
STX,NVDA,0.7139194175076651,hybrid
NVDA,STX,0.7139194175076651,hybrid
MSFT,TXN,0.7129910544031874,hybrid
TXN,MSFT,0.7129910544031874,hybrid
INTU,KLAC,0.7124505779627357,hybrid
KLAC,INTU,0.7124505779627357,hybrid
INTU,AMAT,0.7121890449519324,hybrid
AMAT,INTU,0.7121890449519324,hybrid
ORCL,STX,0.7121814364166238,hybrid
STX,ORCL,0.7121814364166238,hybrid
KLAC,ADSK,0.7121597193883504,hybrid
ADSK,KLAC,0.7121597193883504,hybrid
IBM,SAP,0.7117629249671876,hybrid
SAP,IBM,0.7117629249671876,hybrid
SAP,META,0.7116753528269817,hybrid
META,SAP,0.7116753528269817,hybrid
LRCX,AMZN,0.7115351741943057,hybrid
AMZN,LRCX,0.7115351741943057,hybrid
ADI,TSM,0.7108134253216054,hybrid
TSM,ADI,0.7108134253216054,hybrid
QCOM,NVDA,0.710686984286291,hybrid
NVDA,QCOM,0.710686984286291,hybrid
ASML,AMZN,0.7106183609822886,hybrid
AMZN,ASML,0.7106183609822886,hybrid
CSCO,INTU,0.7105892901228792,hybrid
INTU,CSCO,0.7105892901228792,hybrid
INTC,KLAC,0.7101843749898566,hybrid
KLAC,INTC,0.7101843749898566,hybrid
SAP,TSM,0.7100203676161636,hybrid
TSM,SAP,0.7100203676161636,hybrid
AAPL,GOOGL,0.7099930417282423,hybrid
GOOGL,AAPL,0.7099930417282423,hybrid
IBM,STX,0.7096784295265679,hybrid
STX,IBM,0.7096784295265679,hybrid
MSFT,QCOM,0.7096421830087479,hybrid
QCOM,MSFT,0.7096421830087479,hybrid
AMAT,ADBE,0.7095943331253081,hybrid
ADBE,AMAT,0.7095943331253081,hybrid
ADSK,ORCL,0.7094247622039255,hybrid
ORCL,ADSK,0.7094247622039255,hybrid
AMAT,SAP,0.7086081297439661,hybrid
SAP,AMAT,0.7086081297439661,hybrid
ADBE,PANW,0.7081201151135483,hybrid
PANW,ADBE,0.7081201151135483,hybrid
INTU,GOOGL,0.707954024429257,hybrid
GOOGL,INTU,0.707954024429257,hybrid
AMZN,TSLA,0.7071756966321477,hybrid
TSLA,AMZN,0.7071756966321477,hybrid
ADBE,KLAC,0.7063947767768264,hybrid
KLAC,ADBE,0.7063947767768264,hybrid
MU,QCOM,0.7061516166346791,hybrid
QCOM,MU,0.7061516166346791,hybrid
TSM,ORCL,0.7060812096188005,hybrid
ORCL,TSM,0.7060812096188005,hybrid
AMAT,IBM,0.7055591886022596,hybrid
IBM,AMAT,0.7055591886022596,hybrid
ADI,STX,0.7055319843205892,hybrid
STX,ADI,0.7055319843205892,hybrid
IBM,INTC,0.7055239947338471,hybrid
INTC,IBM,0.7055239947338471,hybrid
SAP,NOW,0.7052601897151174,hybrid
NOW,SAP,0.7052601897151174,hybrid
CSCO,AAPL,0.7051558362669549,hybrid
AAPL,CSCO,0.7051558362669549,hybrid
CSCO,ORCL,0.7050341920968923,hybrid
ORCL,CSCO,0.7050341920968923,hybrid
META,NVDA,0.7050331699182852,hybrid
NVDA,META,0.7050331699182852,hybrid
LRCX,SAP,0.7047345680146011,hybrid
SAP,LRCX,0.7047345680146011,hybrid
AMD,ASML,0.7038398193154861,hybrid
ASML,AMD,0.7038398193154861,hybrid
AMAT,QCOM,0.7033522866596985,hybrid
QCOM,AMAT,0.7033522866596985,hybrid
IBM,LRCX,0.70240511656197,hybrid
LRCX,IBM,0.70240511656197,hybrid
MSFT,ADI,0.7022263239738511,hybrid
ADI,MSFT,0.7022263239738511,hybrid
AVGO,AAPL,0.700958102296121,hybrid
AAPL,AVGO,0.700958102296121,hybrid
ADSK,NVDA,0.7008863914612481,hybrid
NVDA,ADSK,0.7008863914612481,hybrid
ADBE,META,0.7006397102280824,hybrid
META,ADBE,0.7006397102280824,hybrid
IBM,ASML,0.7005793023267506,hybrid
ASML,IBM,0.7005793023267506,hybrid
AVGO,MSFT,0.7005121460902292,hybrid
MSFT,AVGO,0.7005121460902292,hybrid
INTU,PANW,0.7001320387522609,hybrid
PANW,INTU,0.7001320387522609,hybrid
CSCO,STX,0.7000688126214188,hybrid
STX,CSCO,0.7000688126214188,hybrid
SAP,KLAC,0.6996892965136039,hybrid
KLAC,SAP,0.6996892965136039,hybrid
KLAC,IBM,0.6996344393811343,hybrid
IBM,KLAC,0.6996344393811343,hybrid
TXN,AMZN,0.6983168703372851,hybrid
AMZN,TXN,0.6983168703372851,hybrid
PANW,CSCO,0.6977802295904392,hybrid
CSCO,PANW,0.6977802295904392,hybrid
META,TXN,0.6966969483605734,hybrid
TXN,META,0.6966969483605734,hybrid
AMD,CRM,0.6965213506601465,hybrid
CRM,AMD,0.6965213506601465,hybrid
GOOGL,ADBE,0.696133321460837,hybrid
ADBE,GOOGL,0.696133321460837,hybrid
GOOGL,MU,0.6959473899453501,hybrid
MU,GOOGL,0.6959473899453501,hybrid
META,CRM,0.695877244741898,hybrid
CRM,META,0.695877244741898,hybrid
CSCO,LRCX,0.6952744610443881,hybrid
LRCX,CSCO,0.6952744610443881,hybrid
AVGO,INTU,0.6952620474536462,hybrid
INTU,AVGO,0.6952620474536462,hybrid
CRM,ASML,0.6946649054936864,hybrid
ASML,CRM,0.6946649054936864,hybrid
SAP,CSCO,0.6942088223001508,hybrid
CSCO,SAP,0.6942088223001508,hybrid
PANW,ADSK,0.6940851507684366,hybrid
ADSK,PANW,0.6940851507684366,hybrid
CSCO,MSFT,0.6939962064411129,hybrid
MSFT,CSCO,0.6939962064411129,hybrid
TXN,AVGO,0.6938340692577265,hybrid
AVGO,TXN,0.6938340692577265,hybrid
ADI,INTC,0.6933519004079782,hybrid
INTC,ADI,0.6933519004079782,hybrid
ADSK,TSM,0.6931717175024482,hybrid
TSM,ADSK,0.6931717175024482,hybrid
STX,GOOGL,0.6931501079758914,hybrid
GOOGL,STX,0.6931501079758914,hybrid
TXN,INTC,0.692745531417103,hybrid
INTC,TXN,0.692745531417103,hybrid
AMAT,META,0.6917036356635187,hybrid
META,AMAT,0.6917036356635187,hybrid
CSCO,ADI,0.6914718169325139,hybrid
ADI,CSCO,0.6914718169325139,hybrid
TSLA,NOW,0.6910154363272625,hybrid
NOW,TSLA,0.6910154363272625,hybrid
CSCO,INTC,0.6906158034030301,hybrid
INTC,CSCO,0.6906158034030301,hybrid
MU,ADSK,0.6905418352575245,hybrid
ADSK,MU,0.6905418352575245,hybrid
AMAT,AMZN,0.6894384822276841,hybrid
AMZN,AMAT,0.6894384822276841,hybrid
INTC,AAPL,0.6889754629452798,hybrid
AAPL,INTC,0.6889754629452798,hybrid
AVGO,ORCL,0.6886468554065026,hybrid
ORCL,AVGO,0.6886468554065026,hybrid
AMD,ADBE,0.687522376379563,hybrid
ADBE,AMD,0.687522376379563,hybrid
ASML,META,0.687240725019145,hybrid
META,ASML,0.687240725019145,hybrid
TSLA,INTU,0.6861005595549524,hybrid
INTU,TSLA,0.6861005595549524,hybrid
ADBE,TSM,0.6859719520313814,hybrid
TSM,ADBE,0.6859719520313814,hybrid
MU,IBM,0.6853595324092097,hybrid
IBM,MU,0.6853595324092097,hybrid
TXN,CRM,0.6853263169633677,hybrid
CRM,TXN,0.6853263169633677,hybrid
AMD,GOOGL,0.684156987666892,hybrid
GOOGL,AMD,0.684156987666892,hybrid
AAPL,AMAT,0.6838599855759089,hybrid
AMAT,AAPL,0.6838599855759089,hybrid
META,KLAC,0.6834050722210652,hybrid
KLAC,META,0.6834050722210652,hybrid
CSCO,AVGO,0.6829815943427621,hybrid
AVGO,CSCO,0.6829815943427621,hybrid
MSFT,INTC,0.6828962378119721,hybrid
INTC,MSFT,0.6828962378119721,hybrid
META,NOW,0.6827784959360382,hybrid
NOW,META,0.6827784959360382,hybrid
ORCL,NOW,0.6823525601087851,hybrid
NOW,ORCL,0.6823525601087851,hybrid
QCOM,SAP,0.6823360086027692,hybrid
SAP,QCOM,0.6823360086027692,hybrid
CRM,PANW,0.6822715564541428,hybrid
PANW,CRM,0.6822715564541428,hybrid
AAPL,KLAC,0.6822192958472286,hybrid
KLAC,AAPL,0.6822192958472286,hybrid
AMZN,CSCO,0.682081714096768,hybrid
CSCO,AMZN,0.682081714096768,hybrid
NVDA,NOW,0.6819973462021003,hybrid
NOW,NVDA,0.6819973462021003,hybrid
AAPL,AMD,0.681904277917531,hybrid
AMD,AAPL,0.681904277917531,hybrid
KLAC,CSCO,0.6818364338755499,hybrid
CSCO,KLAC,0.6818364338755499,hybrid
LRCX,META,0.681716452092318,hybrid
META,LRCX,0.681716452092318,hybrid
INTU,META,0.6816863007237877,hybrid
META,INTU,0.6816863007237877,hybrid
ORCL,AAPL,0.6813895087332431,hybrid
AAPL,ORCL,0.6813895087332431,hybrid
AMZN,QCOM,0.6813617081749366,hybrid
QCOM,AMZN,0.6813617081749366,hybrid
CSCO,ADBE,0.6810530886416843,hybrid
ADBE,CSCO,0.6810530886416843,hybrid
STX,ADSK,0.6809650422623128,hybrid
ADSK,STX,0.6809650422623128,hybrid
INTU,STX,0.6807687173308304,hybrid
STX,INTU,0.6807687173308304,hybrid
TSLA,ADBE,0.6805592304012098,hybrid
ADBE,TSLA,0.6805592304012098,hybrid
PANW,TSLA,0.6800461956813402,hybrid
TSLA,PANW,0.6800461956813402,hybrid
INTC,ADBE,0.6800350044722985,hybrid
ADBE,INTC,0.6800350044722985,hybrid
AVGO,PANW,0.6799058313732478,hybrid
PANW,AVGO,0.6799058313732478,hybrid
AMZN,ORCL,0.6797810627920179,hybrid
ORCL,AMZN,0.6797810627920179,hybrid
TSLA,GOOGL,0.6792461330329298,hybrid
GOOGL,TSLA,0.6792461330329298,hybrid
CSCO,MU,0.6781874881064021,hybrid
MU,CSCO,0.6781874881064021,hybrid
ASML,PANW,0.678130083304551,hybrid
PANW,ASML,0.678130083304551,hybrid
IBM,ADI,0.6765825015713554,hybrid
ADI,IBM,0.6765825015713554,hybrid
MSFT,TSLA,0.6765091642184414,hybrid
TSLA,MSFT,0.6765091642184414,hybrid
NOW,AVGO,0.6754454750670543,hybrid
AVGO,NOW,0.6754454750670543,hybrid
LRCX,CRM,0.6753022381857176,hybrid
CRM,LRCX,0.6753022381857176,hybrid
ORCL,CRM,0.67520410716914,hybrid
CRM,ORCL,0.67520410716914,hybrid
AMZN,AVGO,0.6747499597950241,hybrid
AVGO,AMZN,0.6747499597950241,hybrid
AMD,MU,0.6746256109630583,hybrid
MU,AMD,0.6746256109630583,hybrid
ADBE,AVGO,0.6739664626830218,hybrid
AVGO,ADBE,0.6739664626830218,hybrid
ADI,META,0.6734590912527159,hybrid
META,ADI,0.6734590912527159,hybrid
INTU,AMD,0.6733340506446522,hybrid
AMD,INTU,0.6733340506446522,hybrid
AVGO,META,0.6730064290464088,hybrid
META,AVGO,0.6730064290464088,hybrid
NOW,AAPL,0.6729613314917936,hybrid
AAPL,NOW,0.6729613314917936,hybrid
QCOM,GOOGL,0.672853413644037,hybrid
GOOGL,QCOM,0.672853413644037,hybrid
ADSK,IBM,0.6728429845465262,hybrid
IBM,ADSK,0.6728429845465262,hybrid
AVGO,SAP,0.6726602073341481,hybrid
SAP,AVGO,0.6726602073341481,hybrid
AMZN,KLAC,0.6724187055042984,hybrid
KLAC,AMZN,0.6724187055042984,hybrid
STX,AMZN,0.6723952755630294,hybrid
AMZN,STX,0.6723952755630294,hybrid
STX,AVGO,0.6723440009881766,hybrid
AVGO,STX,0.6723440009881766,hybrid
AMD,AVGO,0.6722510341375292,hybrid
AVGO,AMD,0.6722510341375292,hybrid
MU,INTU,0.6718968970707732,hybrid
INTU,MU,0.6718968970707732,hybrid
QCOM,ADBE,0.67185135880438,hybrid
ADBE,QCOM,0.67185135880438,hybrid
AMZN,PANW,0.6716692574525986,hybrid
PANW,AMZN,0.6716692574525986,hybrid
STX,QCOM,0.671060211064988,hybrid
QCOM,STX,0.671060211064988,hybrid
NOW,ASML,0.6709475703142396,hybrid
ASML,NOW,0.6709475703142396,hybrid
TSM,CRM,0.6707457909487158,hybrid
CRM,TSM,0.6707457909487158,hybrid
AMD,CSCO,0.6704722145883972,hybrid
CSCO,AMD,0.6704722145883972,hybrid
SAP,ADI,0.670308655013742,hybrid
ADI,SAP,0.670308655013742,hybrid
ADSK,META,0.6702806075029971,hybrid
META,ADSK,0.6702806075029971,hybrid
AVGO,MU,0.6693806570226748,hybrid
MU,AVGO,0.6693806570226748,hybrid
MSFT,MU,0.6692130572911217,hybrid
MU,MSFT,0.6692130572911217,hybrid
ADI,PANW,0.6691628586475686,hybrid
PANW,ADI,0.6691628586475686,hybrid
MU,AAPL,0.6689439937463897,hybrid
AAPL,MU,0.6689439937463897,hybrid
TXN,STX,0.6688609090751565,hybrid
STX,TXN,0.6688609090751565,hybrid
ORCL,MU,0.6688479338814627,hybrid
MU,ORCL,0.6688479338814627,hybrid
TXN,GOOGL,0.6686144567385004,hybrid
GOOGL,TXN,0.6686144567385004,hybrid
AMD,ADI,0.6676292102524691,hybrid
ADI,AMD,0.6676292102524691,hybrid
AMD,ADSK,0.6667820243108152,hybrid
ADSK,AMD,0.6667820243108152,hybrid
SAP,AMD,0.6664342054396777,hybrid
AMD,SAP,0.6664342054396777,hybrid
TXN,IBM,0.6661899206821471,hybrid
IBM,TXN,0.6661899206821471,hybrid
QCOM,CRM,0.6657200113731957,hybrid
CRM,QCOM,0.6657200113731957,hybrid
GOOGL,SAP,0.6651796856354404,hybrid
SAP,GOOGL,0.6651796856354404,hybrid
AVGO,CRM,0.6647354547174331,hybrid
CRM,AVGO,0.6647354547174331,hybrid
PANW,TSM,0.6646904478016142,hybrid
TSM,PANW,0.6646904478016142,hybrid
TXN,AMD,0.6635533697641598,hybrid
AMD,TXN,0.6635533697641598,hybrid
TSM,INTU,0.6628533273501567,hybrid
INTU,TSM,0.6628533273501567,hybrid
ADI,GOOGL,0.6623273624370181,hybrid
GOOGL,ADI,0.6623273624370181,hybrid
ORCL,ADI,0.6615345418015044,hybrid
ADI,ORCL,0.6615345418015044,hybrid
KLAC,CRM,0.661019872175356,hybrid
CRM,KLAC,0.661019872175356,hybrid
ORCL,INTC,0.6608235556141132,hybrid
INTC,ORCL,0.6608235556141132,hybrid
SAP,TXN,0.6607728436874886,hybrid
TXN,SAP,0.6607728436874886,hybrid
STX,ADBE,0.6606799110333368,hybrid
ADBE,STX,0.6606799110333368,hybrid
PANW,SAP,0.660500490335542,hybrid
SAP,PANW,0.660500490335542,hybrid
NOW,KLAC,0.659993619816415,hybrid
KLAC,NOW,0.659993619816415,hybrid
AMAT,CRM,0.6599636433328844,hybrid
CRM,AMAT,0.6599636433328844,hybrid
AMD,ORCL,0.6598736879399664,hybrid
ORCL,AMD,0.6598736879399664,hybrid
TSLA,ADSK,0.6598493948539581,hybrid
ADSK,TSLA,0.6598493948539581,hybrid
AMZN,MU,0.6596689844107375,hybrid
MU,AMZN,0.6596689844107375,hybrid
NVDA,TSLA,0.6596612338590984,hybrid
TSLA,NVDA,0.6596612338590984,hybrid
TXN,ORCL,0.6584317593636446,hybrid
ORCL,TXN,0.6584317593636446,hybrid
STX,AAPL,0.6582856487644181,hybrid
AAPL,STX,0.6582856487644181,hybrid
TSM,NOW,0.6580733712110228,hybrid
NOW,TSM,0.6580733712110228,hybrid
TSLA,AVGO,0.6577044656037936,hybrid
AVGO,TSLA,0.6577044656037936,hybrid
GOOGL,CSCO,0.6570251813604411,hybrid
CSCO,GOOGL,0.6570251813604411,hybrid
IBM,INTU,0.6555369339798525,hybrid
INTU,IBM,0.6555369339798525,hybrid
NOW,AMAT,0.6552721209107579,hybrid
AMAT,NOW,0.6552721209107579,hybrid
PANW,STX,0.6545082102575663,hybrid
STX,PANW,0.6545082102575663,hybrid
META,AAPL,0.654489089440768,hybrid
AAPL,META,0.654489089440768,hybrid
ADSK,QCOM,0.6543066246686924,hybrid
QCOM,ADSK,0.6543066246686924,hybrid
LRCX,NOW,0.6530394115888885,hybrid
NOW,LRCX,0.6530394115888885,hybrid
LRCX,PANW,0.6522112411803249,hybrid
PANW,LRCX,0.6522112411803249,hybrid
NVDA,PANW,0.6521243994064604,hybrid
PANW,NVDA,0.6521243994064604,hybrid
AMD,META,0.6518108262786648,hybrid
META,AMD,0.6518108262786648,hybrid
TSLA,TSM,0.6514391879592699,hybrid
TSM,TSLA,0.6514391879592699,hybrid
MSFT,IBM,0.6514217628370452,hybrid
IBM,MSFT,0.6514217628370452,hybrid
STX,AMD,0.650959607594771,hybrid
AMD,STX,0.650959607594771,hybrid
AMD,IBM,0.6505898381125523,hybrid
IBM,AMD,0.6505898381125523,hybrid
PANW,AMAT,0.6503997803702248,hybrid
AMAT,PANW,0.6503997803702248,hybrid
AVGO,IBM,0.6495260690981077,hybrid
IBM,AVGO,0.6495260690981077,hybrid
INTU,QCOM,0.6487400478478498,hybrid
QCOM,INTU,0.6487400478478498,hybrid
ADBE,MU,0.6485802921139956,hybrid
MU,ADBE,0.6485802921139956,hybrid
TSM,IBM,0.6483801388206731,hybrid
IBM,TSM,0.6483801388206731,hybrid
SAP,STX,0.6481342009178532,hybrid
STX,SAP,0.6481342009178532,hybrid
QCOM,AVGO,0.6477287065969732,hybrid
AVGO,QCOM,0.6477287065969732,hybrid
AMZN,ADI,0.647564676734891,hybrid
ADI,AMZN,0.647564676734891,hybrid
CSCO,NVDA,0.6474545093514692,hybrid
NVDA,CSCO,0.6474545093514692,hybrid
ASML,TSLA,0.6471668728564757,hybrid
TSLA,ASML,0.6471668728564757,hybrid
INTC,INTU,0.6466233613504944,hybrid
INTU,INTC,0.6466233613504944,hybrid
META,ORCL,0.6462872821697274,hybrid
ORCL,META,0.6462872821697274,hybrid
INTC,ADSK,0.6446715596993458,hybrid
ADSK,INTC,0.6446715596993458,hybrid
GOOGL,PANW,0.6429177825825891,hybrid
PANW,GOOGL,0.6429177825825891,hybrid
IBM,PANW,0.6416297541598077,hybrid
PANW,IBM,0.6416297541598077,hybrid
ORCL,PANW,0.6412878250661463,hybrid
PANW,ORCL,0.6412878250661463,hybrid
NOW,AMD,0.6408961156240529,hybrid
AMD,NOW,0.6408961156240529,hybrid
NVDA,INTC,0.6401962142441869,hybrid
INTC,NVDA,0.6401962142441869,hybrid
IBM,ADBE,0.6396713739500908,hybrid
ADBE,IBM,0.6396713739500908,hybrid
ORCL,GOOGL,0.6387201969028489,hybrid
GOOGL,ORCL,0.6387201969028489,hybrid
QCOM,CSCO,0.6376812104874944,hybrid
CSCO,QCOM,0.6376812104874944,hybrid
GOOGL,INTC,0.6373670558596835,hybrid
INTC,GOOGL,0.6373670558596835,hybrid
PANW,TXN,0.6370894425370837,hybrid
TXN,PANW,0.6370894425370837,hybrid
INTC,CRM,0.6361227494791077,hybrid
CRM,INTC,0.6361227494791077,hybrid
ADI,CRM,0.6360995200324613,hybrid
CRM,ADI,0.6360995200324613,hybrid
CSCO,TSM,0.6356351952843087,hybrid
TSM,CSCO,0.6356351952843087,hybrid
TXN,NOW,0.6354226077176482,hybrid
NOW,TXN,0.6354226077176482,hybrid
AMAT,TSLA,0.6350673796160893,hybrid
TSLA,AMAT,0.6350673796160893,hybrid
MSFT,PANW,0.6349286403457752,hybrid
PANW,MSFT,0.6349286403457752,hybrid
META,QCOM,0.6345630943045713,hybrid
QCOM,META,0.6345630943045713,hybrid
TSLA,META,0.6334950557867928,hybrid
META,TSLA,0.6334950557867928,hybrid
STX,CRM,0.6302109733347095,hybrid
CRM,STX,0.6302109733347095,hybrid
CSCO,CRM,0.6289851079192327,hybrid
CRM,CSCO,0.6289851079192327,hybrid
IBM,AAPL,0.6286233545004416,hybrid
AAPL,IBM,0.6286233545004416,hybrid
LRCX,TSLA,0.6273082723792149,hybrid
TSLA,LRCX,0.6273082723792149,hybrid
INTC,AVGO,0.6271185343978398,hybrid
AVGO,INTC,0.6271185343978398,hybrid
PANW,META,0.6269462749695148,hybrid
META,PANW,0.6269462749695148,hybrid
META,STX,0.6266542851429469,hybrid
STX,META,0.6266542851429469,hybrid
NOW,IBM,0.6257669242608501,hybrid
IBM,NOW,0.6257669242608501,hybrid
NOW,ADI,0.6252028859602542,hybrid
ADI,NOW,0.6252028859602542,hybrid
INTC,SAP,0.6251736108191249,hybrid
SAP,INTC,0.6251736108191249,hybrid
PANW,INTC,0.624224033880885,hybrid
INTC,PANW,0.624224033880885,hybrid
IBM,CRM,0.6220007342385654,hybrid
CRM,IBM,0.6220007342385654,hybrid
KLAC,PANW,0.6219106951370506,hybrid
PANW,KLAC,0.6219106951370506,hybrid
META,IBM,0.6218390514387333,hybrid
IBM,META,0.6218390514387333,hybrid
MU,PANW,0.6214181232976889,hybrid
PANW,MU,0.6214181232976889,hybrid
IBM,AMZN,0.6213946070502631,hybrid
AMZN,IBM,0.6213946070502631,hybrid
CSCO,NOW,0.6201181836302957,hybrid
NOW,CSCO,0.6201181836302957,hybrid
MU,CRM,0.6200110466448566,hybrid
CRM,MU,0.6200110466448566,hybrid
STX,TSLA,0.6194813398270402,hybrid
TSLA,STX,0.6194813398270402,hybrid
IBM,GOOGL,0.6178170066175033,hybrid
GOOGL,IBM,0.6178170066175033,hybrid
TSLA,ORCL,0.6146327465587745,hybrid
ORCL,TSLA,0.6146327465587745,hybrid
TXN,TSLA,0.6144233008276381,hybrid
TSLA,TXN,0.6144233008276381,hybrid
QCOM,PANW,0.614119447445994,hybrid
PANW,QCOM,0.614119447445994,hybrid
META,CSCO,0.6138210486432055,hybrid
CSCO,META,0.6138210486432055,hybrid
TSLA,SAP,0.613240015615589,hybrid
SAP,TSLA,0.613240015615589,hybrid
INTC,TSM,0.6128724303333559,hybrid
TSM,INTC,0.6128724303333559,hybrid
ADI,TSLA,0.6124310249740597,hybrid
TSLA,ADI,0.6124310249740597,hybrid
KLAC,TSLA,0.6112421206104887,hybrid
TSLA,KLAC,0.6112421206104887,hybrid
AMZN,INTC,0.6110759183903871,hybrid
INTC,AMZN,0.6110759183903871,hybrid
NOW,MU,0.6098782656352337,hybrid
MU,NOW,0.6098782656352337,hybrid
SAP,MU,0.6073319966793841,hybrid
MU,SAP,0.6073319966793841,hybrid
STX,NOW,0.6068656787433758,hybrid
NOW,STX,0.6068656787433758,hybrid
AMD,TSLA,0.6063660910316024,hybrid
TSLA,AMD,0.6063660910316024,hybrid
QCOM,NOW,0.6056306893096117,hybrid
NOW,QCOM,0.6056306893096117,hybrid
PANW,AMD,0.6044146909134424,hybrid
AMD,PANW,0.6044146909134424,hybrid
META,MU,0.6042306871052107,hybrid
MU,META,0.6042306871052107,hybrid
TSLA,QCOM,0.6038827023240858,hybrid
QCOM,TSLA,0.6038827023240858,hybrid
ORCL,QCOM,0.6030125494448629,hybrid
QCOM,ORCL,0.6030125494448629,hybrid
QCOM,INTC,0.6028237698610923,hybrid
INTC,QCOM,0.6028237698610923,hybrid
IBM,QCOM,0.6025281049781626,hybrid
QCOM,IBM,0.6025281049781626,hybrid
INTC,AMD,0.6012584468214777,hybrid
AMD,INTC,0.6012584468214777,hybrid
NVDA,IBM,0.6009202474856901,hybrid
IBM,NVDA,0.6009202474856901,hybrid
INTC,NOW,0.5961501716882281,hybrid
NOW,INTC,0.5961501716882281,hybrid
INTC,TSLA,0.5936130801118996,hybrid
TSLA,INTC,0.5936130801118996,hybrid
MU,TSLA,0.5858568619478577,hybrid
TSLA,MU,0.5858568619478577,hybrid
INTC,META,0.5695123528536039,hybrid
META,INTC,0.5695123528536039,hybrid
IBM,TSLA,0.559204090045497,hybrid
TSLA,IBM,0.559204090045497,hybrid
TSLA,CSCO,0.5587513680589392,hybrid
CSCO,TSLA,0.5587513680589392,hybrid
