Iter,hps,sum,rrse,rrae,corr,smape,valid rse,valid r2,valid mase,valid smape,valid mape,valid mse,valid mae,valid rmse,valid rae,valid hist_rse,valid global_rse,valid corr,test rse,test r2,test mase,test smape,test mape,test mse,test mae,test rmse,test rae,test hist_rse,test global_rse,test corr,best_epoch
0,"[2, 0.0005, 12, 8, 24, 32, 9, 0.6, 2, 10, 0.2, 3, 3, True]",1.5047992,1.5047992,1.5009562,0.40049523,0.017203884,1.5047992,-2.4474792,0.545479,0.017203884,0.034587726,0.027362706,0.11979087,0.150846,1.5009562,0.151989,1.328372,0.40049523,1.3697219,-1.6506683,0.689293,0.018026974,0.03564938,0.046238128,0.14794005,0.187833,1.3139338,0.200411,1.238797,0.5602556,23
1,"[2, 0.0003, 8, 8, 16, 64, 20, 0.6, 2, 20, 0.05, 1, 2, True]",1.5631708,1.5631708,1.5508178,0.42232755,0.016878406,1.5631708,-2.7034802,0.535937,0.016878406,0.03407562,0.026561288,0.11742517,0.147602,1.5508178,0.148835,1.308775,0.42232755,1.3720193,-2.0212824,0.648747,0.017070882,0.03410047,0.038017586,0.13853908,0.172466,1.3231206,0.185359,1.123291,0.60449386,31
2,"[2, 0.0003, 8, 16, 32, 64, 9, 0.5, 1, 64, 0.1, 0.1, 3, True]",1.5307235,1.5307235,1.5320916,0.4139544,0.017367067,1.5307235,-2.3947172,0.541334,0.017367067,0.034512818,0.026573082,0.11921617,0.149129,1.5320916,0.149864,1.309065,0.4139544,1.3858116,-1.8523412,0.687549,0.018083166,0.03588122,0.043739513,0.14725706,0.183677,1.3376836,0.196500,1.204862,0.5790484,25
3,"[2, 0.0003, 8, 12, 16, 32, 15, 0.5, 2, 30, 0.05, 1, 2, True]",1.6100286,1.6100286,1.608253,0.37584266,0.017179824,1.6100286,-2.8294106,0.553554,0.017179824,0.034578692,0.028025784,0.12209558,0.153157,1.608253,0.153568,1.344371,0.37584266,1.37108,-1.8435922,0.654393,0.017291505,0.034457542,0.04068658,0.1403252,0.178738,1.3196905,0.191215,1.162053,0.5779537,27
4,"[1, 0.0003, 8, 8, 24, 32, 9, 0.4, 1, 64, 0.2, 0.1, 3, True]",1.5129594,1.5129594,1.5069634,0.41208,0.01659206,1.5129594,-2.429131,0.529283,0.01659206,0.033457812,0.025323423,0.11512236,0.144605,1.5069634,0.146941,1.277914,0.41208,1.3285184,-1.6684059,0.653517,0.01699776,0.033771966,0.03987295,0.13866156,0.174321,1.279244,0.188107,1.150375,0.5929483,25
5,"[1, 0.0008, 12, 8, 32, 64, 15, 0.5, 2, 10, 0.1, 0.1, 2, True]",1.5855392,1.5855392,1.5803943,0.4003495,0.01676956,1.5855392,-2.916778,0.546544,0.01676956,0.034060206,0.027814351,0.120674565,0.150805,1.5803943,0.151081,1.339290,0.4003495,1.3186446,-1.5464691,0.657904,0.017134963,0.03404444,0.0408116,0.14240126,0.177956,1.2698939,0.188593,1.163837,0.60104746,21
6,"[1, 0.0008, 12, 12, 32, 64, 5, 0.4, 2, 30, 0.05, 1, 2, True]",1.5564961,1.5564961,1.5360405,0.3960315,0.016860005,1.5564961,-3.1018531,0.558372,0.016860005,0.035088353,0.029955376,0.12448166,0.157400,1.5360405,0.155493,1.389881,0.3960315,1.3577387,-1.6314819,0.679464,0.017690627,0.03501831,0.04353984,0.14645216,0.183395,1.3031892,0.195480,1.202108,0.5698467,24
7,"[1, 0.0008, 8, 16, 32, 32, 20, 0.5, 1, 64, 0.2, 0.1, 2, True]",1.5698228,1.5698228,1.5524131,0.3887128,0.016966999,1.5698228,-2.8487334,0.549991,0.016966999,0.034763172,0.02817886,0.12140293,0.153109,1.5524131,0.153553,1.348038,0.3887128,1.3853735,-1.95339,0.662928,0.017397622,0.034655374,0.040741906,0.14176852,0.178665,1.3257936,0.191771,1.162842,0.583723,22
8,"[2, 0.0005, 8, 12, 32, 64, 5, 0.5, 1, 10, 0.2, 1, 2, True]",1.5422431,1.5422431,1.5333265,0.39768508,0.017100396,1.5422431,-2.6443925,0.543504,0.017100396,0.034642022,0.027023455,0.1199443,0.150183,1.5333265,0.150461,1.320112,0.39768508,1.3704091,-1.8176781,0.670423,0.017637642,0.03503038,0.041009273,0.14370085,0.179089,1.3251683,0.191432,1.166652,0.56771946,22
9,"[1, 0.0003, 8, 12, 24, 32, 5, 0.4, 2, 10, 0.05, 3, 2, True]",1.5864245,1.5864245,1.5773151,0.4040192,0.016812524,1.5864245,-2.7860837,0.541944,0.016812524,0.033842046,0.027145524,0.11921337,0.149545,1.5773151,0.150246,1.323090,0.4040192,1.3354771,-1.7488316,0.643458,0.016811514,0.033537023,0.03838073,0.13796185,0.173206,1.2815988,0.185135,1.128644,0.60201603,36
10,"[2, 0.0005, 12, 8, 24, 48, 7, 0.6, 1, 40, 0.2, 3, 3, True]",1.5122098,1.5122098,1.5026586,0.42133197,0.01698995,1.5122098,-2.4392142,0.537700,0.01698995,0.034354437,0.026768003,0.11831638,0.149398,1.5026586,0.150621,1.313858,0.42133197,1.3895669,-1.937233,0.671134,0.017660048,0.03504606,0.04225112,0.14380671,0.180834,1.3352848,0.193379,1.184184,0.5720389,24
11,"[2, 0.0005, 12, 8, 24, 48, 7, 0.6, 1, 40, 0.2, 3, 3, True]",1.5316476,1.5316476,1.5290713,0.39529574,0.01696579,1.5316476,-2.4915264,0.538902,0.01696579,0.033974167,0.026525183,0.11856854,0.148472,1.5290713,0.149491,1.307885,0.39529574,1.3532921,-1.6563218,0.674783,0.017658612,0.035021164,0.042945843,0.14427997,0.181901,1.3000137,0.194609,1.193880,0.5780917,25
12,"[2, 0.0005, 12, 8, 24, 48, 7, 0.6, 1, 40, 0.2, 3, 3, True]",1.5721642,1.5721642,1.5601628,0.4050618,0.016963542,1.5721642,-2.7214339,0.545376,0.016963542,0.03413092,0.027267288,0.11981277,0.150189,1.5601628,0.151124,1.326054,0.4050618,1.3408034,-1.7168899,0.655696,0.017141301,0.03409194,0.039403163,0.14061198,0.175150,1.2926422,0.187275,1.143578,0.60178113,30
13,"[2, 0.0005, 12, 8, 24, 48, 9, 0.6, 1, 40, 0.2, 3, 3, True]",1.5595784,1.5595784,1.5542367,0.40842018,0.016450698,1.5595784,-2.697239,0.534874,0.016450698,0.033253394,0.026350336,0.11745504,0.147337,1.5542367,0.148327,1.303567,0.40842018,1.3177286,-1.6266311,0.643638,0.016804317,0.03343403,0.03877731,0.13810894,0.173328,1.2701013,0.185546,1.134460,0.6022114,30
14,"[2, 0.0005, 12, 8, 24, 48, 7, 0.6, 1, 20, 0.2, 3, 3, True]",1.4960912,1.4960912,1.498322,0.40759823,0.016917152,1.4960912,-2.2566607,0.536833,0.016917152,0.034020506,0.02603865,0.117561124,0.147288,1.498322,0.149110,1.295835,0.40759823,1.3333291,-1.5745201,0.671925,0.017503379,0.034650497,0.042558614,0.14350305,0.179992,1.2948577,0.192887,1.188486,0.5807727,21
15,"[2, 0.0005, 12, 8, 24, 32, 9, 0.6, 1, 20, 0.2, 3, 3, True]",1.5410289,1.5410289,1.5010315,0.38813797,0.017638434,1.5410289,-2.3376296,0.551169,0.017638434,0.034885008,0.028865222,0.1219086,0.155496,1.5010315,0.155576,1.364356,0.38813797,1.4276441,-1.9566844,0.701052,0.018322937,0.036275182,0.04621775,0.1505752,0.190094,1.3513237,0.202122,1.238525,0.55454135,23
16,"[2, 0.0005, 12, 16, 16, 48, 7, 0.6, 1, 20, 0.1, 3, 3, True]",1.442257,1.442257,1.4536692,0.41978768,0.017240517,1.442257,-2.1049926,0.537481,0.017240517,0.03439255,0.026075615,0.1178536,0.147176,1.4536692,0.148625,1.296754,0.41978768,1.3505641,-1.6244042,0.695207,0.018142276,0.035814684,0.045591466,0.14816995,0.184424,1.3156891,0.197818,1.230104,0.57552344,23
17,"[2, 0.0005, 12, 16, 16, 48, 7, 0.6, 1, 20, 0.1, 3, 3, True]",1.5096925,1.5096925,1.5127621,0.41437367,0.017174046,1.5096925,-2.5854428,0.531011,0.017174046,0.03328707,0.026408859,0.11747264,0.148282,1.5127621,0.147947,1.305014,0.41437367,1.349275,-1.688913,0.677142,0.017687675,0.03505157,0.041919712,0.14479461,0.179257,1.3073463,0.192082,1.179531,0.5968289,25
18,"[2, 0.0005, 12, 16, 16, 48, 7, 0.6, 1, 20, 0.1, 3, 3, True]",1.5068358,1.5068358,1.5032698,0.4147128,0.016735075,1.5068358,-2.448839,0.536031,0.016735075,0.033939652,0.025895417,0.11707691,0.146375,1.5032698,0.148140,1.292265,0.4147128,1.3409746,-1.7247779,0.658376,0.017180776,0.03412572,0.040212527,0.14011183,0.175451,1.2965744,0.188835,1.155263,0.5895365,28
19,"[2, 0.0005, 12, 16, 16, 48, 7, 0.6, 1, 20, 0.1, 3, 3, True]",1.6011465,1.6011465,1.574675,0.3757752,0.017307602,1.6011465,-2.6873598,0.560370,0.017307602,0.03455164,0.0295194,0.12374878,0.157031,1.574675,0.157150,1.379730,0.3757752,1.3462162,-1.55632,0.673481,0.017532872,0.034752157,0.043092508,0.14593315,0.183705,1.2799606,0.194195,1.195917,0.57959014,24
20,"[2, 0.0008, 12, 16, 16, 48, 7, 0.4, 1, 20, 0.1, 3, 3, True]",1.5411886,1.5411886,1.5281894,0.3995842,0.016711818,1.5411886,-2.4903982,0.538179,0.016711818,0.03375995,0.026794761,0.11824587,0.149682,1.5281894,0.150800,1.314514,0.3995842,1.3621136,-1.7571565,0.662457,0.017366122,0.0344869,0.04189439,0.14200172,0.180141,1.3033612,0.192765,1.179175,0.58145577,28
21,"[2, 0.0005, 12, 8, 24, 32, 9, 0.6, 1, 10, 0.2, 3, 3, True]",1.5528626,1.5528626,1.5552037,0.40869743,0.017252855,1.5528626,-2.7140853,0.545633,0.017252855,0.034751825,0.027186655,0.11981388,0.149463,1.5552037,0.150492,1.324092,0.40869743,1.3781596,-1.957905,0.665714,0.017528545,0.034938514,0.039748613,0.14195114,0.176353,1.3407105,0.189165,1.148580,0.5915089,21
22,"[2, 0.0005, 12, 8, 24, 48, 7, 0.6, 1, 20, 0.2, 3, 3, True]",1.4786868,1.4786868,1.4790448,0.41826278,0.017165821,1.4786868,-2.2364082,0.541550,0.017165821,0.03452404,0.026739547,0.11945365,0.148485,1.4790448,0.149201,1.313159,0.41826278,1.3557408,-1.6222934,0.695006,0.018103288,0.03578329,0.04493713,0.14904043,0.184703,1.3194301,0.197174,1.221245,0.5777543,27
23,"[2, 0.0005, 12, 16, 24, 48, 7, 0.6, 1, 20, 0.1, 3, 3, True]",1.5279925,1.5279925,1.516092,0.40008307,0.017006772,1.5279925,-2.4084945,0.541286,0.017006772,0.034115728,0.026692748,0.1187356,0.149060,1.516092,0.150010,1.312009,0.40008307,1.3468909,-1.6187507,0.678054,0.01769472,0.03505691,0.04246676,0.14560956,0.180977,1.3090743,0.193006,1.187202,0.5841684,25
24,"[2, 0.0005, 12, 8, 16, 48, 7, 0.6, 1, 20, 0.2, 3, 3, True]",1.5737817,1.5737817,1.5679069,0.3992577,0.01700142,1.5737817,-2.6685455,0.544489,0.01700142,0.034246024,0.027122008,0.11984175,0.150276,1.5679069,0.150921,1.322517,0.3992577,1.3636508,-1.8398145,0.657372,0.017257517,0.03437657,0.039864298,0.14041726,0.176434,1.3117831,0.189583,1.150250,0.58111006,22
25,"[2, 0.0005, 12, 16, 24, 48, 7, 0.6, 1, 20, 0.1, 3, 3, True]",1.5221897,1.5221897,1.524823,0.3949295,0.017468547,1.5221897,-2.9158938,0.545226,0.017468547,0.033850238,0.027926477,0.12099542,0.152660,1.524823,0.151856,1.341987,0.3949295,1.372767,-1.686779,0.701805,0.018347058,0.03628687,0.045579154,0.15102102,0.187152,1.3300806,0.199405,1.229938,0.58688545,32
26,"[1, 0.0005, 12, 8, 16, 48, 7, 0.6, 1, 20, 0.2, 3, 3, True]",1.4680861,1.4680861,1.4837636,0.41224444,0.0170779,1.4680861,-2.0688105,0.533358,0.0170779,0.03405433,0.025744943,0.11732936,0.146080,1.4837636,0.147312,1.288505,0.41224444,1.3430926,-1.6727659,0.675663,0.017726265,0.035114124,0.042428866,0.14369342,0.179032,1.3107795,0.192588,1.186673,0.5867868,22
27,"[1, 0.0005, 12, 16, 16, 48, 15, 0.6, 1, 20, 0.1, 3, 3, True]",1.5067044,1.5067044,1.5129689,0.40079358,0.01749171,1.5067044,-2.38462,0.548490,0.01749171,0.035112157,0.026974179,0.12093658,0.149620,1.5129689,0.150579,1.318908,0.40079358,1.3579675,-1.6638166,0.691231,0.018063689,0.035777494,0.043834284,0.14787763,0.183088,1.3178767,0.195876,1.206166,0.58323985,25
28,"[1, 0.0008, 12, 12, 16, 48, 20, 0.4, 1, 30, 0.05, 0.1, 3, True]",1.5068434,1.5068434,1.4979993,0.40406135,0.016600685,1.5068434,-2.9518435,0.546612,0.016600685,0.0339317,0.028241761,0.12159266,0.152898,1.4979993,0.151941,1.349541,0.40406135,1.3097227,-1.4267039,0.663667,0.01723214,0.034091037,0.041394927,0.14322023,0.178500,1.262036,0.190094,1.172125,0.58997756,22
29,"[1, 0.0005, 12, 8, 16, 48, 7, 0.6, 1, 20, 0.2, 1, 3, True]",1.5535609,1.5535609,1.5481337,0.40915492,0.016952293,1.5535609,-2.7072918,0.540961,0.016952293,0.034235552,0.026716225,0.11865889,0.148076,1.5481337,0.149314,1.312586,0.40915492,1.3362552,-1.7318289,0.654306,0.01710755,0.034046795,0.039193526,0.1397547,0.174067,1.2891599,0.186769,1.140532,0.6021889,27
30,"[1, 0.0005, 12, 8, 16, 48, 7, 0.6, 1, 20, 0.2, 3, 3, True]",1.5316665,1.5316665,1.5255281,0.40188217,0.016855888,1.5316665,-2.5881102,0.538519,0.016855888,0.03411877,0.026733931,0.11894052,0.149180,1.5255281,0.149419,1.313021,0.40188217,1.3476245,-1.7357532,0.656350,0.017207135,0.03420441,0.040343855,0.14004365,0.176733,1.2971222,0.189409,1.157148,0.5871493,30
31,"[2, 0.0005, 12, 8, 24, 48, 7, 0.6, 1, 20, 0.2, 3, 3, True]",1.5634797,1.5634797,1.5318049,0.39101586,0.017606808,1.5634797,-2.680316,0.549529,0.017606808,0.03459622,0.028696995,0.122071296,0.154689,1.5318049,0.154145,1.360375,0.39101586,1.370641,-1.650277,0.693397,0.01803388,0.035678733,0.045165326,0.14955647,0.186873,1.3097384,0.198565,1.224342,0.5769185,26
32,"[1, 0.0005, 12, 8, 16, 48, 7, 0.6, 1, 20, 0.2, 3, 3, True]",1.5897393,1.5897393,1.586192,0.39184508,0.018183146,1.5897393,-2.8485198,0.559073,0.018183146,0.036065597,0.029296527,0.12432374,0.155785,1.586192,0.154798,1.374511,0.39184508,1.4757953,-2.4519303,0.705504,0.01877853,0.037502933,0.043356434,0.15122344,0.186256,1.4314492,0.198567,1.199574,0.5587688,22
33,"[2, 0.0005, 12, 8, 24, 48, 20, 0.6, 1, 20, 0.2, 3, 3, True]",1.4696522,1.4696522,1.4686304,0.41042054,0.017530007,1.4696522,-2.4968863,0.548419,0.017530007,0.035019983,0.027923213,0.12213111,0.152821,1.4686304,0.152478,1.341909,0.41042054,1.3909537,-1.7893084,0.704452,0.01844133,0.036392994,0.047947634,0.15084408,0.189761,1.3482645,0.202580,1.261490,0.55939394,22
34,"[2, 0.0003, 12, 8, 16, 48, 20, 0.6, 1, 20, 0.2, 3, 3, True]",1.4950079,1.4950079,1.4937822,0.42346498,0.017258054,1.4950079,-2.2705452,0.540667,0.017258054,0.03476875,0.026680889,0.11860689,0.148413,1.4937822,0.149523,1.311718,0.42346498,1.3788221,-1.8496917,0.686037,0.01798344,0.035641573,0.044024985,0.14644675,0.182931,1.3401885,0.196356,1.208787,0.5772373,28
35,"[2, 0.0005, 8, 8, 16, 64, 20, 0.6, 1, 64, 0.05, 1, 3, True]",1.5344698,1.5344698,1.5254802,0.39524645,0.016927557,1.5344698,-2.5357444,0.542689,0.016927557,0.034175083,0.027241375,0.119498976,0.150764,1.5254802,0.150981,1.325424,0.39524645,1.3720142,-1.7297752,0.676034,0.01771554,0.03511177,0.04328281,0.14512427,0.183269,1.3188897,0.195686,1.198555,0.5678284,24
36,"[1, 0.0003, 12, 8, 24, 48, 20, 0.5, 1, 30, 0.2, 0.1, 3, True]",1.5446599,1.5446599,1.5318493,0.40905985,0.016852085,1.5446599,-2.5837934,0.536642,0.016852085,0.034086652,0.026298778,0.1176357,0.147236,1.5318493,0.148681,1.302291,0.40905985,1.3459315,-1.8271283,0.652369,0.0170597,0.033998504,0.03842151,0.13910057,0.172813,1.3002293,0.185556,1.129243,0.6030778,33
37,"[2, 0.0005, 12, 16, 32, 64, 15, 0.6, 1, 20, 0.1, 3, 2, True]",1.5534265,1.5534265,1.5470779,0.3969512,0.017010462,1.5534265,-2.5563173,0.538654,0.017010462,0.034285758,0.026798034,0.11883388,0.149227,1.5470779,0.149882,1.314594,0.3969512,1.3476739,-1.7595,0.661003,0.017297493,0.03441153,0.039991256,0.14099932,0.175953,1.305446,0.188785,1.152080,0.5933804,22
38,"[1, 0.0008, 8, 12, 16, 48, 20, 0.5, 1, 64, 0.2, 1, 3, True]",1.5293918,1.5293918,1.5021461,0.3863388,0.016996259,1.5293918,-2.4714906,0.539062,0.016996259,0.033956278,0.026979666,0.1186438,0.149917,1.5021461,0.150698,1.319042,0.3863388,1.3455033,-1.5528888,0.674484,0.017525822,0.034660004,0.043610297,0.14493743,0.183412,1.2856683,0.195129,1.203081,0.5733276,27
39,"[2, 0.0003, 12, 8, 32, 48, 5, 0.4, 1, 20, 0.05, 0.1, 2, True]",1.596484,1.596484,1.5813725,0.37893525,0.017299557,1.596484,-2.824301,0.554435,0.017299557,0.03473761,0.02851284,0.122717164,0.155190,1.5813725,0.154664,1.356003,0.37893525,1.3668818,-1.6677203,0.672602,0.01765703,0.03499896,0.0436128,0.14567308,0.184663,1.2999176,0.195909,1.203115,0.57023644,43
40,"[1, 0.0005, 8, 8, 24, 64, 20, 0.6, 1, 30, 0.2, 3, 3, True]",1.5543041,1.5543041,1.5441972,0.40082747,0.017086446,1.5543041,-2.5568469,0.543128,0.017086446,0.034145996,0.02736805,0.11960659,0.150365,1.5441972,0.150776,1.328502,0.40082747,1.3342957,-1.5304736,0.676688,0.017578235,0.03481433,0.04247217,0.14630826,0.181258,1.2814536,0.192431,1.187278,0.5893591,22
41,"[2, 0.0003, 12, 8, 16, 48, 20, 0.6, 1, 20, 0.2, 3, 3, True]",1.4629337,1.4629337,1.462943,0.43723103,0.017493047,1.4629337,-2.0341113,0.541001,0.017493047,0.03476418,0.027039964,0.119231775,0.148704,1.462943,0.149796,1.320515,0.43723103,1.3938508,-1.8837193,0.706103,0.018485494,0.03655864,0.046019394,0.15061359,0.186475,1.3513714,0.199916,1.235864,0.5785561,26
42,"[2, 0.0003, 12, 8, 16, 48, 20, 0.6, 1, 20, 0.2, 3, 3, True]",1.5265539,1.5265539,1.517764,0.4046337,0.017079223,1.5265539,-2.4852722,0.539194,0.017079223,0.034348782,0.02670603,0.118814684,0.149854,1.517764,0.150799,1.312336,0.4046337,1.3853469,-1.8519919,0.679347,0.017860603,0.035399,0.043787815,0.14523914,0.183230,1.3332518,0.196494,1.205527,0.56794435,60
43,"[2, 0.0003, 12, 8, 16, 48, 20, 0.6, 1, 20, 0.2, 3, 3, True]",1.557631,1.557631,1.5614414,0.4054412,0.016956607,1.557631,-2.644994,0.541510,0.016956607,0.034133695,0.026531124,0.11884241,0.147888,1.5614414,0.149141,1.308031,0.4054412,1.3580399,-1.8388863,0.656147,0.017267007,0.034405563,0.03937445,0.14023356,0.175196,1.3147014,0.187865,1.143161,0.59326524,25
44,"[2, 0.0003, 12, 8, 16, 32, 20, 0.5, 1, 10, 0.2, 3, 2, True]",1.6011009,1.6011009,1.5648898,0.38116112,0.017748022,1.6011009,-2.6793897,0.553887,0.017748022,0.035290577,0.029473843,0.123197876,0.157280,1.5648898,0.156650,1.378665,0.38116112,1.5002277,-2.388074,0.705533,0.018646698,0.037023786,0.04810816,0.15206975,0.195502,1.3920411,0.207807,1.263600,0.5310153,67
45,"[2, 0.0003, 12, 12, 32, 48, 15, 0.6, 1, 20, 0.2, 3, 3, True]",1.5360888,1.5360888,1.5371635,0.40052694,0.016827017,1.5360888,-2.4291034,0.539741,0.016827017,0.033752695,0.026090808,0.1179372,0.147541,1.5371635,0.149329,1.297132,0.40052694,1.3310834,-1.6297282,0.655422,0.017114194,0.034001242,0.040427167,0.1403351,0.176539,1.2849228,0.189083,1.158342,0.58902293,27
46,"[2, 0.0008, 8, 8, 24, 48, 20, 0.6, 1, 64, 0.2, 0.1, 3, True]",1.5583571,1.5583571,1.5422246,0.39060035,0.016720822,1.5583571,-2.761048,0.542312,0.016720822,0.03396304,0.027443504,0.1194242,0.150853,1.5422246,0.151614,1.330332,0.39060035,1.3341931,-1.613545,0.657712,0.01714746,0.034009025,0.041211534,0.14096919,0.177976,1.2794408,0.190509,1.169525,0.58402264,21
47,"[1, 0.0005, 12, 8, 16, 48, 5, 0.4, 1, 40, 0.05, 1, 3, True]",1.5740771,1.5740771,1.5658585,0.39818633,0.016921282,1.5740771,-2.7633631,0.549457,0.016921282,0.03425626,0.02748936,0.12089692,0.151125,1.5658585,0.151553,1.331443,0.39818633,1.3567485,-1.8062099,0.655523,0.017154789,0.03418678,0.03985479,0.14078659,0.176702,1.3052856,0.189028,1.150113,0.5906529,24
48,"[2, 0.0003, 12, 16, 24, 32, 9, 0.6, 1, 20, 0.2, 3, 2, True]",1.6149857,1.6149857,1.6177337,0.38914016,0.017584216,1.6149857,-2.8393717,0.557582,0.017584216,0.03553722,0.028306743,0.12363765,0.153229,1.6177337,0.153002,1.351093,0.38914016,1.4235346,-2.204157,0.670787,0.017839253,0.035669547,0.040010538,0.14393759,0.178739,1.3820585,0.190876,1.152358,0.57504886,36
49,"[2, 0.0005, 12, 8, 16, 64, 7, 0.6, 1, 20, 0.1, 3, 3, True]",1.5292957,1.5292957,1.5062162,0.35460502,0.017023144,1.5292957,-2.424328,0.548310,0.017023144,0.03406403,0.028640755,0.12108237,0.155542,1.5062162,0.155071,1.359041,0.35460502,1.3575189,-1.4915185,0.687452,0.017844493,0.035179093,0.04829959,0.1480669,0.191586,1.2907753,0.203684,1.266111,0.5468058,22
50,"[2, 0.0005, 12, 12, 24, 48, 5, 0.5, 1, 10, 0.2, 3, 3, True]",1.4824961,1.4824961,1.4828498,0.40661156,0.016745145,1.4824961,-2.1894765,0.531762,0.016745145,0.033581678,0.025453996,0.11663718,0.145448,1.4828498,0.146709,1.281204,0.40661156,1.3304454,-1.5983735,0.667505,0.01737218,0.034425043,0.04171935,0.1421031,0.178033,1.2850863,0.191348,1.176709,0.588314,24
51,"[2, 0.0005, 12, 12, 24, 48, 5, 0.5, 1, 10, 0.2, 3, 3, True]",1.57255,1.57255,1.5502148,0.38693035,0.017113889,1.57255,-2.6513982,0.546634,0.017113889,0.03425448,0.027762897,0.12042647,0.152511,1.5502148,0.152919,1.338051,0.38693035,1.3730485,-1.731979,0.673704,0.01768,0.035079442,0.042707935,0.14519145,0.183072,1.3094832,0.194494,1.190569,0.5747897,24
52,"[2, 0.0005, 12, 12, 24, 48, 5, 0.5, 1, 10, 0.2, 3, 3, True]",1.5761058,1.5761058,1.5565277,0.39720875,0.01679548,1.5761058,-2.702841,0.540969,0.01679548,0.033863194,0.027223503,0.11900192,0.150644,1.5565277,0.151361,1.324989,0.39720875,1.3712393,-1.8645558,0.655953,0.017205747,0.034286276,0.040906712,0.14009422,0.178767,1.3041033,0.191538,1.165192,0.58625185,22
53,"[2, 0.0005, 12, 12, 24, 48, 5, 0.5, 1, 10, 0.2, 3, 3, True]",1.547566,1.547566,1.529017,0.4003115,0.016517865,1.547566,-2.6540694,0.534683,0.016517865,0.03329171,0.026551161,0.11712844,0.148214,1.529017,0.149379,1.308525,0.4003115,1.3109981,-1.5497518,0.647791,0.016834918,0.03343128,0.03947598,0.13862714,0.174258,1.2550948,0.186540,1.144634,0.60199285,27
54,"[2, 0.0005, 12, 12, 24, 48, 5, 0.5, 1, 10, 0.2, 3, 3, True]",1.5355152,1.5355152,1.5289186,0.4033511,0.016552195,1.5355152,-2.6206644,0.534518,0.016552195,0.03337699,0.026144437,0.11724618,0.147037,1.5289186,0.148125,1.298464,0.4033511,1.3331625,-1.6477692,0.659512,0.0171938,0.034164544,0.040090125,0.14092667,0.176101,1.2884518,0.188788,1.153503,0.5914144,23
55,"[2, 0.0005, 12, 12, 24, 48, 7, 0.5, 1, 20, 0.2, 3, 3, True]",1.5242397,1.5242397,1.5125803,0.42497855,0.016695285,1.5242397,-2.5732908,0.532720,0.016695285,0.03379041,0.026165562,0.116549365,0.147313,1.5125803,0.149022,1.298989,0.42497855,1.358611,-1.8463957,0.657086,0.017245164,0.034289815,0.04015635,0.14008375,0.175905,1.309296,0.189231,1.154456,0.5885352,21
56,"[2, 0.0005, 12, 16, 32, 48, 7, 0.6, 1, 40, 0.1, 3, 3, True]",1.518705,1.518705,1.5071723,0.40571368,0.016720414,1.518705,-2.4044714,0.534119,0.016720414,0.03358951,0.02618858,0.11707796,0.147646,1.5071723,0.148905,1.299560,0.40571368,1.3249955,-1.5676514,0.663203,0.017236732,0.034165148,0.041043546,0.14167948,0.177148,1.2735021,0.189931,1.167139,0.59571844,26
57,"[2, 0.0005, 8, 8, 24, 48, 9, 0.6, 1, 20, 0.2, 3, 3, True]",1.5123405,1.5123405,1.5093434,0.41217315,0.017059918,1.5123405,-2.3237336,0.535085,0.017059918,0.033965405,0.025971225,0.11764724,0.146746,1.5093434,0.147825,1.294156,0.41217315,1.337536,-1.6776986,0.667249,0.01742355,0.03459463,0.040668223,0.14260659,0.176714,1.2967606,0.189561,1.161790,0.59974134,23
58,"[1, 0.0008, 12, 8, 16, 32, 15, 0.6, 1, 30, 0.1, 3, 2, True]",1.538677,1.538677,1.526623,0.39195862,0.016617965,1.538677,-2.515079,0.536939,0.016617965,0.033570934,0.026457546,0.11818031,0.148790,1.526623,0.149384,1.306216,0.39195862,1.3338832,-1.6369616,0.656209,0.017156936,0.03407467,0.04045945,0.14122717,0.177328,1.2839049,0.189481,1.158805,0.5927668,27
59,"[2, 0.0005, 12, 16, 24, 48, 20, 0.4, 1, 10, 0.2, 3, 3, True]",1.5196601,1.5196601,1.4964974,0.4003156,0.017807255,1.5196601,-2.297199,0.544881,0.017807255,0.034713697,0.027957642,0.120616764,0.152814,1.4964974,0.153060,1.342736,0.4003156,1.415993,-1.8788546,0.718503,0.01877364,0.03711671,0.04749472,0.15458289,0.191370,1.3553841,0.203799,1.255518,0.5685759,29
60,"[2, 0.0003, 12, 8, 16, 48, 7, 0.6, 1, 20, 0.2, 0.1, 3, True]",1.5318652,1.5318652,1.5174366,0.41690364,0.017894112,1.5318652,-2.3317401,0.557658,0.017894112,0.03605981,0.029559607,0.12298271,0.156035,1.5174366,0.156753,1.380669,0.41690364,1.4764783,-2.314944,0.713183,0.0188425,0.03733239,0.04975101,0.15281324,0.195333,1.4008912,0.208428,1.284994,0.5326255,26
61,"[2, 0.0003, 12, 8, 16, 48, 20, 0.6, 1, 20, 0.2, 3, 3, True]",1.5606194,1.5606194,1.5557493,0.41862246,0.01709908,1.5606194,-2.6138866,0.542363,0.01709908,0.03443255,0.026881363,0.11944697,0.149023,1.5557493,0.150033,1.316637,0.41862246,1.382782,-1.9739628,0.665652,0.017546594,0.034975473,0.04041264,0.14209904,0.177505,1.3393437,0.190823,1.158134,0.5930814,29
62,"[2, 0.0003, 12, 8, 16, 48, 20, 0.6, 1, 20, 0.2, 3, 3, True]",1.5103133,1.5103133,1.4912295,0.36973894,0.018848335,1.5103133,-1.9651245,0.569521,0.018848335,0.03677204,0.03249784,0.12689906,0.161205,1.4912295,0.160731,1.447663,0.36973894,1.4847634,-2.038065,0.763560,0.02000357,0.03927152,0.059705596,0.16532557,0.211119,1.4149553,0.222346,1.407692,0.49382055,38
63,"[2, 0.0003, 12, 8, 16, 48, 20, 0.6, 2, 20, 0.2, 3, 3, True]",1.506445,1.506445,1.501592,0.398098,0.018010415,1.506445,-2.1078768,0.557451,0.018010415,0.035653234,0.028787484,0.123032145,0.154389,1.501592,0.155194,1.362518,0.398098,1.4257658,-1.8895223,0.724448,0.01898775,0.03750091,0.0501991,0.15582815,0.195606,1.3722432,0.208062,1.290768,0.54982656,60
64,"[2, 0.0003, 12, 8, 16, 48, 20, 0.6, 1, 20, 0.2, 3, 3, True]",1.5361954,1.5361954,1.5153762,0.39805353,0.017408263,1.5361954,-2.4317322,0.545271,0.017408263,0.03461894,0.027663304,0.12030084,0.151697,1.5153762,0.151940,1.335649,0.39805353,1.3729262,-1.7450202,0.685414,0.017856566,0.03539076,0.043594085,0.14709456,0.183711,1.3163735,0.196022,1.202857,0.57814497,43
65,"[2, 0.0005, 12, 8, 16, 48, 7, 0.6, 1, 20, 0.2, 3, 3, True]",1.5618204,1.5618204,1.5543638,0.39794722,0.016553437,1.5618204,-2.7142303,0.541153,0.016553437,0.03345009,0.026815828,0.118681096,0.149083,1.5543638,0.150321,1.315031,0.39794722,1.327748,-1.6265066,0.647422,0.016904058,0.03361726,0.039945774,0.13892797,0.176174,1.2731196,0.188403,1.151425,0.59216744,30
66,"[1, 0.0005, 12, 16, 24, 48, 5, 0.6, 1, 20, 0.05, 3, 3, True]",1.4906666,1.4906666,1.483311,0.4121841,0.016875817,1.4906666,-2.2652154,0.536553,0.016875817,0.033928048,0.026270298,0.11773494,0.148188,1.483311,0.149624,1.301586,0.4121841,1.3495692,-1.6447064,0.675358,0.017629052,0.034909606,0.043238845,0.14434549,0.181691,1.3068525,0.194618,1.197946,0.5763437,21
67,"[1, 0.0005, 12, 16, 24, 48, 5, 0.6, 1, 64, 0.05, 1, 3, True]",1.5763382,1.5763382,1.5593523,0.4061663,0.016963635,1.5763382,-2.705519,0.540284,0.016963635,0.03426326,0.026998697,0.11845737,0.149043,1.5593523,0.150031,1.319507,0.4061663,1.3814616,-1.9978182,0.653557,0.017171342,0.034279127,0.038659092,0.1395712,0.174656,1.323904,0.187099,1.132729,0.5874825,32
68,"[1, 0.0005, 12, 16, 24, 64, 5, 0.5, 1, 20, 0.05, 3, 3, True]",1.5927899,1.5927899,1.578896,0.3945127,0.01717438,1.5927899,-2.759207,0.554814,0.01717438,0.034445945,0.027972141,0.12186121,0.152684,1.578896,0.153641,1.343084,0.3945127,1.3281564,-1.6147047,0.664273,0.017278008,0.034326516,0.04018777,0.14351802,0.176909,1.2816678,0.187949,1.154907,0.6094434,31
69,"[1, 0.0005, 12, 16, 24, 48, 5, 0.6, 1, 40, 0.05, 3, 3, True]",1.4504225,1.4504225,1.4623497,0.40813836,0.0175601,1.4504225,-2.5027018,0.535237,0.0175601,0.0338943,0.026974732,0.11845023,0.149935,1.4623497,0.149819,1.318921,0.40813836,1.3661457,-1.6190228,0.713099,0.018677017,0.036811814,0.048093505,0.15261549,0.189470,1.3436087,0.202411,1.263407,0.5625158,21
70,"[1, 0.0005, 8, 16, 24, 48, 5, 0.6, 1, 40, 0.05, 3, 3, True]",1.5930074,1.5930074,1.5772702,0.39335316,0.017416136,1.5930074,-2.739876,0.555104,0.017416136,0.035147022,0.028592862,0.122453265,0.154061,1.5772702,0.154340,1.357904,0.39335316,1.4087601,-2.0454645,0.671340,0.01773617,0.035340417,0.041184593,0.14398749,0.180684,1.349639,0.193051,1.169143,0.5703007,27
71,"[1, 0.0005, 12, 16, 24, 48, 5, 0.6, 1, 40, 0.05, 3, 3, True]",1.5185608,1.5185608,1.5227056,0.40594497,0.017381938,1.5185608,-2.5172842,0.544377,0.017381938,0.034670174,0.027086198,0.11970406,0.150050,1.5227056,0.151301,1.321643,0.40594497,1.3793496,-1.8325001,0.682275,0.017894275,0.03551627,0.04266351,0.14562865,0.181507,1.3376813,0.194498,1.189949,0.56952035,21
72,"[1, 0.0005, 12, 16, 24, 48, 5, 0.6, 1, 40, 0.05, 3, 3, True]",1.479251,1.479251,1.469468,0.40838322,0.016679341,1.479251,-2.232272,0.533210,0.016679341,0.033713706,0.025842285,0.11666824,0.147030,1.469468,0.148823,1.290939,0.40838322,1.3337704,-1.5918176,0.668191,0.01741629,0.034463752,0.042759255,0.14249523,0.179684,1.2875397,0.193075,1.191284,0.5841944,25
73,"[1, 0.0005, 12, 16, 24, 48, 5, 0.6, 1, 40, 0.05, 3, 3, True]",1.5924613,1.5924613,1.5703224,0.39336497,0.017338296,1.5924613,-2.72754,0.554589,0.017338296,0.035067756,0.028645854,0.12228923,0.154796,1.5703224,0.155151,1.359162,0.39336497,1.4179803,-2.0236151,0.678832,0.017972317,0.035743866,0.04331898,0.14518994,0.184730,1.3524594,0.197258,1.199055,0.5677025,24
74,"[1, 0.0005, 12, 16, 24, 48, 7, 0.6, 1, 40, 0.05, 3, 3, True]",1.5892546,1.5892546,1.5795518,0.3941137,0.016800916,1.5892546,-2.844523,0.546318,0.016800916,0.03399836,0.027840812,0.1208983,0.151786,1.5795518,0.151484,1.339927,0.3941137,1.3487356,-1.7162818,0.654216,0.01717205,0.034174874,0.04011796,0.14129192,0.177405,1.2955273,0.188924,1.153904,0.5901857,21
75,"[1, 0.0005, 12, 16, 24, 48, 5, 0.6, 1, 40, 0.05, 3, 3, True]",1.558669,1.558669,1.545198,0.41060588,0.01675828,1.558669,-2.7420423,0.538802,0.01675828,0.033924263,0.026850015,0.118425556,0.149087,1.545198,0.149693,1.315869,0.41060588,1.3474164,-1.8274815,0.648278,0.016976006,0.033842273,0.03843819,0.13816638,0.173090,1.2958702,0.186326,1.129488,0.5992364,21
76,"[1, 0.0005, 12, 16, 24, 32, 7, 0.4, 1, 40, 0.1, 3, 3, True]",1.5634459,1.5634459,1.539643,0.39092523,0.016455494,1.5634459,-2.9190955,0.541776,0.016455494,0.033524476,0.027795102,0.1199771,0.151972,1.539643,0.151580,1.338827,0.39092523,1.3151797,-1.575062,0.646271,0.016784733,0.03336581,0.039053198,0.13900319,0.174311,1.2592102,0.185968,1.138488,0.596914,45
77,"[1, 0.0005, 12, 12, 24, 48, 5, 0.6, 1, 40, 0.05, 3, 2, True]",1.522134,1.522134,1.5145199,0.389422,0.016946347,1.522134,-2.3247137,0.536246,0.016946347,0.0339904,0.02646454,0.117722705,0.148349,1.5145199,0.149480,1.306389,0.389422,1.348388,-1.6410813,0.668844,0.017483907,0.034644924,0.042151306,0.14374568,0.180594,1.307077,0.192131,1.182785,0.5734046,21
78,"[1, 0.0008, 12, 16, 32, 48, 9, 0.6, 1, 40, 0.1, 0.1, 3, True]",1.5567507,1.5567507,1.5337778,0.37897965,0.017277896,1.5567507,-2.6350088,0.547691,0.017277896,0.03454803,0.027762663,0.12106477,0.153668,1.5337778,0.154003,1.338045,0.37897965,1.3828346,-1.7312225,0.679650,0.017800888,0.035224214,0.044516433,0.14682908,0.185997,1.3167647,0.197713,1.215515,0.5558656,22
79,"[1, 0.0005, 12, 16, 24, 48, 7, 0.6, 1, 30, 0.05, 1, 3, True]",1.506284,1.506284,1.5024728,0.42114103,0.017558591,1.506284,-2.6946607,0.547078,0.017558591,0.035047956,0.02841984,0.12217391,0.153891,1.5024728,0.152570,1.353789,0.42114103,1.40208,-1.9320436,0.702688,0.018449059,0.0365446,0.045536824,0.15021737,0.186789,1.3595035,0.200151,1.229367,0.57411987,29
80,"[1, 0.0005, 12, 12, 24, 64, 15, 0.5, 1, 10, 0.1, 3, 3, True]",1.5186112,1.5186112,1.5090309,0.36801434,0.01802021,1.5186112,-2.325773,0.540988,0.01802021,0.0343477,0.027137948,0.119476326,0.150946,1.5090309,0.151391,1.322905,0.36801434,1.4137913,-1.7803805,0.718731,0.018798053,0.0370569,0.051092997,0.1545503,0.196730,1.3523071,0.208965,1.302210,0.5403091,24
81,"[1, 0.0005, 12, 16, 24, 48, 5, 0.6, 1, 20, 0.05, 3, 3, True]",1.5107106,1.5107106,1.5097795,0.39843503,0.01694394,1.5107106,-2.3817317,0.536300,0.01694394,0.03394361,0.026433397,0.11812746,0.148840,1.5097795,0.149884,1.305620,0.39843503,1.3488697,-1.6750546,0.665107,0.017376909,0.034462407,0.042298105,0.14213523,0.179849,1.2945656,0.192918,1.184843,0.578323,21
82,"[1, 0.0005, 12, 16, 24, 48, 5, 0.6, 1, 20, 0.05, 3, 3, True]",1.5180789,1.5180789,1.5114778,0.40613398,0.016573135,1.5180789,-2.3653162,0.529167,0.016573135,0.033244725,0.025506536,0.11633176,0.145268,1.5114778,0.146171,1.282526,0.40613398,1.320987,-1.6017091,0.656018,0.017079743,0.033924136,0.03963835,0.14001873,0.174618,1.2735447,0.187630,1.146986,0.60107607,32
83,"[1, 0.0005, 12, 16, 24, 48, 5, 0.6, 1, 20, 0.05, 3, 3, True]",1.4804399,1.4804399,1.4766736,0.41537967,0.016779404,1.4804399,-2.1314554,0.531267,0.016779404,0.03369278,0.025611274,0.11617192,0.146055,1.4766736,0.147937,1.285156,0.41537967,1.3530483,-1.7388371,0.667978,0.017478038,0.03466512,0.04214746,0.14231262,0.178999,1.3107972,0.192601,1.182731,0.5815678,24
84,"[1, 0.0005, 12, 16, 24, 48, 5, 0.6, 1, 20, 0.05, 3, 3, True]",1.4954337,1.4954337,1.494567,0.40139487,0.016812466,1.4954337,-2.7134213,0.538818,0.016812466,0.033685762,0.027082814,0.11919749,0.149888,1.494567,0.149661,1.321561,0.40139487,1.3237636,-1.5149958,0.667605,0.017366644,0.03438073,0.041746497,0.14305077,0.178771,1.2756394,0.190891,1.177091,0.59004027,23
85,"[2, 0.0005, 12, 16, 24, 48, 5, 0.6, 1, 20, 0.05, 3, 3, True]",1.6110221,1.6110221,1.5884817,0.38928035,0.017102538,1.6110221,-2.8553655,0.555589,0.017102538,0.034267426,0.028830307,0.12275608,0.154864,1.5884817,0.154743,1.363531,0.38928035,1.3361003,-1.6297003,0.661190,0.017242318,0.034282383,0.04044678,0.14308971,0.178165,1.2769883,0.188968,1.158623,0.59810656,29
86,"[1, 0.0005, 12, 8, 24, 48, 7, 0.6, 1, 64, 0.2, 3, 3, True]",1.5466015,1.5466015,1.5408652,0.40362814,0.016802017,1.5466015,-2.6543136,0.540249,0.016802017,0.034048207,0.027242208,0.119258404,0.150325,1.5408652,0.150703,1.325444,0.40362814,1.3670824,-1.8497026,0.658176,0.017276892,0.034368806,0.040309377,0.14067774,0.177150,1.3183321,0.189990,1.156653,0.578662,22
87,"[2, 0.0005, 8, 16, 16, 48, 5, 0.6, 1, 40, 0.05, 3, 3, True]",1.5612724,1.5612724,1.550517,0.40523532,0.01723814,1.5612724,-2.6186438,0.546419,0.01723814,0.034612175,0.027506346,0.12058644,0.151008,1.550517,0.151675,1.331854,0.40523532,1.3652058,-1.8265502,0.666409,0.017476112,0.034772206,0.040405527,0.14297724,0.177594,1.3148879,0.189978,1.158032,0.59469014,21
88,"[1, 0.0005, 12, 8, 32, 48, 7, 0.6, 1, 10, 0.2, 3, 2, True]",1.5537418,1.5537418,1.5435511,0.39989263,0.017113902,1.5537418,-2.6074448,0.549890,0.017113902,0.034637794,0.027567798,0.12120585,0.151849,1.5435511,0.152259,1.333341,0.39989263,1.3705723,-1.7606137,0.677685,0.017772024,0.035265367,0.042904638,0.14559813,0.182540,1.321062,0.195233,1.193307,0.5796472,23
89,"[2, 0.0005, 12, 12, 24, 32, 5, 0.5, 1, 20, 0.2, 3, 3, True]",1.5784492,1.5784492,1.5764751,0.38511688,0.016676044,1.5784492,-2.8814094,0.540577,0.016676044,0.03372773,0.027805736,0.11967595,0.151420,1.5764751,0.150959,1.339083,0.38511688,1.3337234,-1.6320894,0.655218,0.017159456,0.034097895,0.04009974,0.14107938,0.176860,1.2922608,0.188567,1.153642,0.5894269,69
90,"[2, 0.0008, 12, 8, 24, 48, 7, 0.4, 1, 20, 0.1, 3, 3, True]",1.5315399,1.5315399,1.5158042,0.4180404,0.016705403,1.5315399,-2.6877449,0.535347,0.016705403,0.033971556,0.026996356,0.11832855,0.149512,1.5158042,0.149669,1.319450,0.4180404,1.3663684,-1.8853455,0.657997,0.017253531,0.034312136,0.040059645,0.14005436,0.175939,1.3093011,0.189564,1.153065,0.59107465,21
91,"[1, 0.0005, 12, 16, 24, 48, 5, 0.6, 1, 20, 0.05, 3, 3, True]",1.5279378,1.5279378,1.498253,0.3663241,0.017751193,1.5279378,-2.3994842,0.562715,0.017751193,0.03581063,0.030111011,0.12484786,0.158497,1.498253,0.158308,1.393487,0.3663241,1.4256362,-1.8003237,0.721398,0.018830081,0.03709028,0.0510657,0.15582678,0.197575,1.3554467,0.209270,1.301862,0.53173435,25
92,"[1, 0.0005, 12, 16, 24, 48, 5, 0.6, 1, 20, 0.05, 3, 3, True]",1.5665349,1.5665349,1.5598977,0.39357898,0.016791472,1.5665349,-2.8079443,0.544854,0.016791472,0.034109525,0.027280105,0.12005946,0.150464,1.5598977,0.150620,1.326366,0.39357898,1.3310714,-1.6747214,0.648911,0.01697356,0.033778124,0.039036155,0.13893563,0.174321,1.2879605,0.186444,1.138240,0.5908957,26
93,"[1, 0.0005, 12, 16, 24, 48, 5, 0.6, 1, 20, 0.05, 3, 3, True]",1.5404521,1.5404521,1.5450897,0.3986215,0.018021204,1.5404521,-2.6430063,0.543702,0.018021204,0.034670755,0.027267028,0.120359585,0.150391,1.5450897,0.150312,1.326048,0.3986215,1.4023497,-1.8885801,0.711892,0.018678086,0.037026975,0.045078468,0.15299025,0.186936,1.3683766,0.199169,1.223164,0.57467145,21
94,"[1, 0.0005, 12, 16, 24, 48, 5, 0.6, 1, 20, 0.05, 3, 3, True]",1.5821826,1.5821826,1.6027217,0.40048245,0.017992308,1.5821826,-2.55958,0.572542,0.017992308,0.03605038,0.02880684,0.12686254,0.155031,1.6027217,0.154648,1.362976,0.40048245,1.3668174,-1.7613255,0.697381,0.018225582,0.036187276,0.04200658,0.1499409,0.181248,1.3475443,0.193233,1.180752,0.60099196,32
95,"[1, 0.0005, 12, 16, 16, 48, 20, 0.6, 1, 20, 0.05, 0.1, 3, True]",1.5492775,1.5492775,1.5429215,0.39766064,0.016578617,1.5492775,-2.595841,0.532201,0.016578617,0.033375025,0.025946159,0.11675504,0.146623,1.5429215,0.147454,1.293531,0.39766064,1.3208903,-1.6445942,0.642048,0.016754925,0.033332072,0.038189452,0.13730049,0.172102,1.2721274,0.184647,1.125828,0.59533256,32
96,"[2, 0.0005, 12, 8, 24, 48, 9, 0.6, 1, 20, 0.2, 3, 3, True]",1.5913986,1.5913986,1.569754,0.38438955,0.017409986,1.5913986,-2.6394553,0.553412,0.017409986,0.035042837,0.028554149,0.12232877,0.154814,1.569754,0.154751,1.356984,0.38438955,1.4007435,-1.8735218,0.686119,0.018077148,0.035907347,0.043927375,0.14738481,0.185795,1.3419363,0.198343,1.207446,0.5631749,29
97,"[1, 0.0005, 12, 16, 16, 48, 5, 0.6, 1, 30, 0.2, 1, 3, True]",1.5756605,1.5756605,1.5630422,0.40454063,0.016603166,1.5756605,-2.771109,0.540846,0.016603166,0.033596773,0.02706743,0.1186293,0.149571,1.5630422,0.150642,1.321185,0.40454063,1.3383056,-1.7397202,0.643907,0.016844966,0.03356215,0.038905464,0.1381115,0.174199,1.2815374,0.186478,1.136333,0.59995776,25
98,"[2, 0.0005, 12, 12, 24, 48, 15, 0.6, 1, 10, 0.05, 3, 3, True]",1.547242,1.547242,1.5471814,0.41162178,0.016491137,1.547242,-2.6281772,0.532901,0.016491137,0.033133887,0.025933005,0.11701177,0.146156,1.5471814,0.146934,1.293203,0.41162178,1.3249983,-1.7137356,0.641690,0.016786484,0.033461213,0.037916668,0.13736534,0.171800,1.2793045,0.184330,1.121800,0.60410017,22
99,"[2, 0.0005, 8, 8, 24, 64, 20, 0.5, 1, 20, 0.2, 3, 3, True]",1.6045424,1.6045424,1.5839478,0.38615403,0.016984077,1.6045424,-2.926066,0.548567,0.016984077,0.03441286,0.02821956,0.12104274,0.152994,1.5839478,0.152949,1.349011,0.38615403,1.375591,-1.927925,0.649514,0.017118823,0.034183566,0.038957335,0.13936517,0.175781,1.3168279,0.187455,1.137090,0.58618736,28
100,"[1, 0.0005, 12, 16, 16, 48, 7, 0.6, 1, 40, 0.2, 3, 3, True]",1.559622,1.559622,1.5473893,0.39478824,0.016824435,1.559622,-2.661882,0.541755,0.016824435,0.03383435,0.026879126,0.118611865,0.149335,1.5473893,0.150375,1.316582,0.39478824,1.3551337,-1.8006796,0.653360,0.017116709,0.034112357,0.039483506,0.13993183,0.175849,1.2981666,0.188268,1.144743,0.59215075,27
101,"[2, 0.0003, 12, 8, 16, 48, 20, 0.6, 1, 20, 0.2, 3, 3, True]",1.5491173,1.5491173,1.533826,0.42035535,0.017073918,1.5491173,-2.455634,0.541196,0.017073918,0.03465899,0.027214263,0.11897243,0.150928,1.533826,0.151732,1.324764,0.42035535,1.4510808,-2.4106252,0.671220,0.017794881,0.035501085,0.041851066,0.1425333,0.181159,1.3761464,0.195239,1.178565,0.56705654,25
102,"[2, 0.0003, 12, 8, 16, 48, 20, 0.6, 1, 20, 0.2, 3, 3, True]",1.518171,1.518171,1.5156612,0.41084915,0.016924882,1.518171,-2.3790174,0.535571,0.016924882,0.034061134,0.025857871,0.11754123,0.146683,1.5156612,0.147942,1.291328,0.41084915,1.3428998,-1.7587391,0.656785,0.017234175,0.03426091,0.03980064,0.13964829,0.174923,1.3018225,0.188231,1.149331,0.5945581,31
103,"[2, 0.0003, 12, 8, 16, 48, 20, 0.6, 1, 20, 0.2, 3, 3, True]",1.5042763,1.5042763,1.5053345,0.4000028,0.016602201,1.5042763,-2.3326004,0.532324,0.016602201,0.033399668,0.025506584,0.11634524,0.145509,1.5053345,0.147084,1.282527,0.4000028,1.3119969,-1.5311824,0.653102,0.016997539,0.03369967,0.040713012,0.1393437,0.175714,1.2657603,0.188676,1.162430,0.5893082,29
104,"[2, 0.0003, 12, 8, 16, 48, 20, 0.6, 1, 20, 0.2, 3, 3, True]",1.4773906,1.4773906,1.4789431,0.42467034,0.017609946,1.4773906,-2.2416835,0.547880,0.017609946,0.03552005,0.02776965,0.12094241,0.151434,1.4789431,0.152229,1.338214,0.42467034,1.4305115,-2.1648862,0.701607,0.018527824,0.036755603,0.0459241,0.14959031,0.187420,1.3842138,0.201189,1.234584,0.5576721,24
105,"[2, 0.0003, 12, 8, 16, 48, 20, 0.6, 1, 20, 0.2, 3, 3, True]",1.52395,1.52395,1.5186759,0.40369922,0.017253261,1.52395,-2.3658583,0.542422,0.017253261,0.0342937,0.027006915,0.1194777,0.150909,1.5186759,0.151561,1.319708,0.40369922,1.3805889,-1.811132,0.681428,0.017863845,0.035449874,0.043424543,0.14614579,0.183361,1.3340908,0.196167,1.200516,0.5731052,35
106,"[2, 0.0003, 12, 8, 16, 48, 5, 0.6, 1, 20, 0.1, 3, 2, True]",1.4845779,1.4845779,1.4791827,0.41579258,0.017437978,1.4845779,-2.1164527,0.545691,0.017437978,0.03529186,0.027752837,0.12008902,0.151551,1.4791827,0.152626,1.337809,0.41579258,1.4387597,-2.1206515,0.701018,0.01846176,0.036561895,0.047743328,0.1497723,0.190862,1.3810334,0.204689,1.258799,0.5379483,21
107,"[2, 0.0003, 12, 8, 16, 48, 7, 0.6, 1, 64, 0.1, 3, 2, True]",1.5985111,1.5985111,1.5785137,0.38193253,0.017622344,1.5985111,-2.6292567,0.559997,0.017622344,0.035448276,0.029266203,0.12405076,0.156709,1.5785137,0.156653,1.373800,0.38193253,1.4219668,-2.0707192,0.679436,0.01793278,0.035703633,0.04266347,0.14605315,0.183828,1.3591236,0.196315,1.189949,0.5683409,37
108,"[2, 0.0003, 12, 8, 16, 48, 5, 0.4, 1, 20, 0.1, 3, 2, True]",1.5674497,1.5674497,1.5795381,0.40458915,0.017586611,1.5674497,-2.632614,0.555502,0.017586611,0.03536247,0.027371971,0.12206885,0.150192,1.5795381,0.151260,1.328597,0.40458915,1.3869672,-1.9243854,0.682548,0.018038094,0.03590157,0.040999725,0.14653495,0.179525,1.3648123,0.191550,1.166516,0.580103,36
109,"[2, 0.0003, 12, 8, 16, 48, 20, 0.6, 1, 10, 0.1, 3, 2, True]",1.6056191,1.6056191,1.5916618,0.41559952,0.016717885,1.6056191,-2.932435,0.542182,0.016717885,0.033789344,0.02743775,0.1192272,0.149767,1.5916618,0.150557,1.330193,0.41559952,1.3532758,-1.9162225,0.636836,0.016733447,0.033450544,0.037394907,0.13658047,0.171358,1.2985917,0.183617,1.114054,0.6082648,34
110,"[2, 0.0003, 12, 8, 16, 32, 5, 0.5, 1, 40, 0.1, 3, 2, True]",1.5462757,1.5462757,1.5323523,0.36971214,0.017253757,1.5462757,-2.4359314,0.548823,0.017253757,0.034312412,0.027883707,0.12110336,0.153303,1.5323523,0.154132,1.340959,0.36971214,1.3501626,-1.5577921,0.674122,0.01758859,0.03480958,0.044674106,0.14500144,0.185440,1.2905393,0.197430,1.217666,0.566194,35
111,"[2, 0.0003, 12, 8, 16, 48, 5, 0.6, 1, 20, 0.1, 3, 2, True]",1.510504,1.510504,1.5111185,0.41615742,0.01735303,1.510504,-2.3422697,0.546925,0.01735303,0.03489583,0.02691686,0.12014251,0.149083,1.5111185,0.150403,1.317506,0.41615742,1.3750665,-1.8362496,0.685107,0.017964158,0.035665326,0.04219899,0.14669228,0.180700,1.3375112,0.193477,1.183454,0.58919215,33
112,"[2, 0.0005, 12, 8, 24, 48, 5, 0.6, 2, 20, 0.2, 3, 3, True]",1.5299338,1.5299338,1.5357244,0.41373622,0.017615112,1.5299338,-2.8602004,0.547710,0.017615112,0.034806468,0.02767529,0.120932914,0.151991,1.5357244,0.152115,1.335938,0.41373622,1.4199545,-2.1112545,0.695877,0.018452108,0.036695894,0.043305892,0.14849098,0.183528,1.3906842,0.196804,1.198874,0.5688822,21
113,"[1, 0.0008, 12, 16, 32, 48, 5, 0.6, 1, 20, 0.05, 3, 3, True]",1.5948949,1.5948949,1.5787019,0.39579076,0.016859423,1.5948949,-2.7882688,0.540333,0.016859423,0.034005743,0.027256958,0.11919914,0.150518,1.5787019,0.150788,1.325803,0.39579076,1.3674886,-1.8005759,0.658301,0.017298054,0.034416735,0.040322322,0.14162375,0.178251,1.303678,0.190093,1.156839,0.58261615,28
114,"[2, 0.0005, 12, 12, 24, 48, 5, 0.6, 1, 20, 0.2, 3, 3, True]",1.5398288,1.5398288,1.5398178,0.40776232,0.017217094,1.5398288,-2.626327,0.545725,0.017217094,0.034864847,0.026944818,0.119638324,0.149057,1.5398178,0.150330,1.318190,0.40776232,1.3751706,-1.9064698,0.667824,0.017505595,0.034866028,0.04034574,0.14233206,0.177342,1.3289429,0.190455,1.157175,0.5834826,21
115,"[2, 0.0003, 12, 8, 16, 48, 7, 0.6, 1, 20, 0.1, 0.1, 3, True]",1.5542762,1.5542762,1.5387425,0.40435097,0.01701228,1.5542762,-2.5402575,0.543561,0.01701228,0.034179855,0.027201815,0.11946654,0.150693,1.5387425,0.151568,1.324461,0.40435097,1.3797996,-1.8754467,0.667026,0.017507287,0.034827095,0.041833702,0.14234187,0.180415,1.3220239,0.193196,1.178320,0.5807384,21
116,"[1, 0.0005, 12, 16, 24, 48, 5, 0.6, 1, 20, 0.05, 3, 2, True]",1.5090741,1.5090741,1.5119808,0.38169944,0.017492933,1.5090741,-2.3013387,0.545156,0.017492933,0.034748897,0.027583519,0.121054746,0.151562,1.5119808,0.151382,1.333721,0.38169944,1.3399987,-1.4992253,0.695956,0.01815015,0.03580171,0.04632487,0.14949091,0.186682,1.3004451,0.198877,1.239959,0.5801964,22
117,"[2, 0.0005, 12, 8, 16, 48, 20, 0.6, 1, 20, 0.2, 1, 3, True]",1.4804764,1.4804764,1.4716945,0.39904547,0.01731292,1.4804764,-2.3274682,0.548728,0.01731292,0.034884997,0.028265588,0.12124581,0.153029,1.4716945,0.153070,1.350110,0.39904547,1.3471454,-1.5813124,0.685166,0.017837977,0.035244625,0.04448239,0.14659911,0.183909,1.2982055,0.196308,1.215050,0.57824,21
118,"[2, 0.0005, 12, 8, 16, 48, 20, 0.6, 1, 40, 0.2, 1, 3, True]",1.4621111,1.4621111,1.4692658,0.4275915,0.0173892,1.4621111,-2.3457525,0.535598,0.0173892,0.03427166,0.026305748,0.117675595,0.147986,1.4692658,0.148967,1.302464,0.4275915,1.386934,-1.8401979,0.699386,0.0182873,0.03618032,0.04572238,0.14917946,0.186024,1.3457955,0.199610,1.231869,0.5724933,21
119,"[2, 0.0005, 8, 8, 16, 64, 20, 0.6, 1, 40, 0.2, 1, 3, True]",1.5730265,1.5730265,1.5684453,0.39237595,0.017126191,1.5730265,-2.6706452,0.549389,0.017126191,0.03449188,0.02744922,0.12122454,0.151050,1.5684453,0.151352,1.330471,0.39237595,1.3587548,-1.7542613,0.668769,0.017517945,0.03484582,0.040886402,0.14336711,0.178619,1.3055247,0.190901,1.164903,0.5909748,30
120,"[2, 0.0005, 12, 8, 16, 48, 20, 0.5, 1, 40, 0.2, 1, 3, True]",1.5387267,1.5387267,1.5305876,0.39837095,0.016549224,1.5387267,-2.50843,0.534671,0.016549224,0.033374544,0.026155468,0.1179368,0.148095,1.5305876,0.148745,1.298738,0.39837095,1.3197448,-1.5818405,0.649702,0.016972361,0.033701696,0.040201016,0.13933843,0.175886,1.2718455,0.188349,1.155098,0.5954095,26
121,"[2, 0.0005, 12, 8, 16, 48, 20, 0.6, 1, 40, 0.2, 1, 3, True]",1.524531,1.524531,1.5154725,0.39926735,0.016711144,1.524531,-2.4268198,0.533385,0.016711144,0.033443704,0.025944304,0.11674852,0.146805,1.5154725,0.148320,1.293485,0.39926735,1.3206822,-1.5797731,0.656484,0.017075898,0.03388466,0.04022065,0.14059997,0.175748,1.2739013,0.188121,1.155380,0.5944819,21
122,"[2, 0.0005, 12, 8, 16, 48, 20, 0.6, 1, 40, 0.2, 1, 3, True]",1.5351946,1.5351946,1.5074404,0.38865778,0.017163007,1.5351946,-2.7962105,0.540395,0.017163007,0.033927247,0.027268643,0.119599506,0.150719,1.5074404,0.150305,1.326087,0.38865778,1.3665107,-1.5964178,0.691097,0.017961819,0.03548711,0.0456901,0.14892596,0.187910,1.3044128,0.199323,1.231434,0.5656443,36
123,"[2, 0.0005, 12, 8, 16, 48, 20, 0.6, 1, 20, 0.2, 1, 3, True]",1.5669689,1.5669689,1.5451761,0.39985844,0.016823139,1.5669689,-2.5689309,0.542621,0.016823139,0.033786822,0.027550377,0.11972901,0.151796,1.5451761,0.151896,1.332920,0.39985844,1.3695533,-1.7728238,0.662900,0.01742146,0.03462274,0.041796602,0.14256643,0.180887,1.3089318,0.193072,1.177798,0.580136,25
124,"[2, 0.0003, 12, 8, 16, 48, 20, 0.6, 1, 40, 0.2, 1, 3, True]",1.5441101,1.5441101,1.5370239,0.42335162,0.016733315,1.5441101,-2.545748,0.536438,0.016733315,0.03388927,0.026124502,0.11745918,0.147269,1.5370239,0.148747,1.297969,0.42335162,1.3646331,-1.9197041,0.650704,0.017128682,0.034161046,0.039001588,0.13868394,0.174196,1.3157277,0.187590,1.137736,0.5938581,32
125,"[2, 0.0005, 12, 8, 16, 48, 20, 0.6, 1, 30, 0.2, 1, 3, True]",1.4595171,1.4595171,1.4606606,0.40748632,0.01711202,1.4595171,-2.150674,0.539568,0.01711202,0.034345943,0.026396917,0.118424974,0.147922,1.4606606,0.148995,1.304719,0.40748632,1.3479768,-1.5906234,0.688980,0.017931122,0.035405345,0.045200717,0.1471517,0.184259,1.3041632,0.197435,1.224822,0.57413405,25
126,"[2, 0.0005, 12, 8, 16, 48, 20, 0.6, 1, 30, 0.2, 1, 3, True]",1.6204528,1.6204528,1.6134617,0.3882246,0.0169465,1.6204528,-2.981515,0.549792,0.0169465,0.03411932,0.027877273,0.12101935,0.151374,1.6134617,0.151844,1.340804,0.3882246,1.3477442,-1.8259318,0.644053,0.01691195,0.033777304,0.03848549,0.13823381,0.173755,1.2979143,0.185874,1.130183,0.5985709,32
127,"[2, 0.0005, 12, 8, 16, 48, 20, 0.6, 1, 30, 0.2, 1, 3, True]",1.6057416,1.6057416,1.5953023,0.40745813,0.017086957,1.6057416,-3.0485485,0.553965,0.017086957,0.034968663,0.028579699,0.1220423,0.153311,1.5953023,0.153635,1.357591,0.40745813,1.3834805,-2.0412834,0.649297,0.017123526,0.034214575,0.03842165,0.13880658,0.174241,1.3294648,0.186601,1.129245,0.592576,23
128,"[2, 0.0005, 12, 8, 16, 48, 20, 0.6, 1, 30, 0.2, 1, 3, True]",1.5459853,1.5459853,1.5294515,0.42392886,0.016899755,1.5459853,-2.6838872,0.537729,0.016899755,0.03432082,0.026939569,0.11798603,0.149201,1.5294515,0.150205,1.318061,0.42392886,1.4081593,-2.173123,0.662959,0.017471744,0.034827705,0.04030057,0.1411104,0.177089,1.3410805,0.190776,1.156527,0.5858906,23
129,"[2, 0.0005, 12, 12, 16, 48, 20, 0.6, 1, 30, 0.2, 1, 3, True]",1.5841962,1.5841962,1.5727857,0.4028603,0.01667297,1.5841962,-2.918096,0.543891,0.01667297,0.03380499,0.027312582,0.11931672,0.149891,1.5727857,0.150670,1.327155,0.4028603,1.3272704,-1.7092186,0.641439,0.0167438,0.03340159,0.038262323,0.13766472,0.172797,1.2752228,0.184415,1.126901,0.6037112,25
130,"[2, 0.0005, 12, 8, 16, 32, 20, 0.4, 1, 10, 0.2, 1, 3, True]",1.501198,1.501198,1.4982122,0.41278532,0.016680542,1.501198,-2.3690925,0.533046,0.016680542,0.033632282,0.02571645,0.11659669,0.146104,1.4982122,0.147658,1.287792,0.41278532,1.3383673,-1.650835,0.665254,0.017368315,0.03444642,0.0416456,0.14179584,0.178161,1.2927831,0.191604,1.175668,0.5870017,29
131,"[2, 0.0005, 12, 8, 16, 48, 7, 0.6, 1, 20, 0.2, 1, 3, True]",1.517757,1.517757,1.5125908,0.40473235,0.01673417,1.517757,-2.460626,0.531216,0.01673417,0.033475526,0.025837366,0.11680904,0.147125,1.5125908,0.148177,1.290816,0.40473235,1.3367678,-1.7148825,0.657511,0.017194102,0.03417789,0.03965811,0.14017053,0.174713,1.2939103,0.187901,1.147271,0.59961164,24
132,"[2, 0.0005, 12, 8, 16, 48, 9, 0.6, 1, 20, 0.2, 1, 3, True]",1.4906971,1.4906971,1.4881445,0.4259298,0.016833967,1.4906971,-2.2898536,0.528686,0.016833967,0.03376965,0.025606753,0.116416596,0.145418,1.4881445,0.146502,1.285043,0.4259298,1.3617493,-1.832227,0.671235,0.017587202,0.034920074,0.04130073,0.14270398,0.177521,1.3183123,0.191436,1.170790,0.5941195,28
133,"[2, 0.0005, 12, 8, 16, 48, 20, 0.6, 1, 30, 0.2, 1, 3, True]",1.5311686,1.5311686,1.5311295,0.41341928,0.01727498,1.5311686,-2.5915213,0.542909,0.01727498,0.03479836,0.027183808,0.11976983,0.149941,1.5311295,0.150467,1.324023,0.41341928,1.4196111,-2.1860383,0.678082,0.017928006,0.03574114,0.041533493,0.14412197,0.180172,1.3752329,0.193984,1.174085,0.5658267,21
134,"[2, 0.0005, 12, 8, 16, 48, 20, 0.6, 1, 40, 0.2, 3, 3, True]",1.5741465,1.5741465,1.5594018,0.40228254,0.01673185,1.5741465,-2.7732098,0.542607,0.01673185,0.033957064,0.027328236,0.11906158,0.150217,1.5594018,0.151020,1.327535,0.40228254,1.3596995,-1.8301715,0.651208,0.017069364,0.034022365,0.0391999,0.13960688,0.175396,1.3026814,0.187659,1.140624,0.59082985,30
135,"[2, 0.0003, 12, 8, 32, 48, 15, 0.6, 1, 20, 0.1, 3, 3, True]",1.4992354,1.4992354,1.497773,0.40108854,0.017181408,1.4992354,-2.3653607,0.539415,0.017181408,0.034175407,0.026722156,0.11843311,0.149314,1.497773,0.150314,1.312732,0.40108854,1.3702642,-1.7313008,0.686766,0.017968493,0.035577968,0.044666637,0.14677355,0.184475,1.325346,0.197939,1.217564,0.5693046,21
136,"[2, 0.0008, 12, 8, 16, 48, 7, 0.6, 1, 64, 0.2, 3, 3, True]",1.5233368,1.5233368,1.5152158,0.3901881,0.016791005,1.5233368,-2.7458684,0.540023,0.016791005,0.033969123,0.026794178,0.11870862,0.149225,1.5152158,0.150145,1.314500,0.3901881,1.327377,-1.5306404,0.669437,0.017401652,0.03446803,0.042225905,0.14341831,0.180004,1.2781963,0.192559,1.183831,0.5813477,23
137,"[2, 0.0005, 12, 8, 24, 48, 20, 0.6, 1, 20, 0.2, 3, 2, True]",1.5779454,1.5779454,1.5643394,0.39503425,0.017034374,1.5779454,-2.724232,0.546761,0.017034374,0.034397475,0.027935563,0.120500684,0.152093,1.5643394,0.152373,1.342205,0.39503425,1.3568041,-1.7554188,0.655621,0.017151019,0.034120727,0.040234555,0.14051689,0.177517,1.2975541,0.189715,1.155579,0.57915616,28
138,"[2, 0.0005, 12, 12, 16, 48, 7, 0.5, 1, 20, 0.2, 0.1, 3, True]",1.5361881,1.5361881,1.5344017,0.40750474,0.016545745,1.5361881,-2.593128,0.535089,0.016545745,0.03352026,0.025941843,0.1173682,0.146806,1.5344017,0.147755,1.293423,0.40750474,1.3324257,-1.7187363,0.650387,0.016978549,0.033797685,0.03910985,0.13876766,0.173838,1.2832822,0.187119,1.139314,0.5961458,27
139,"[2, 0.0005, 8, 8, 24, 48, 20, 0.6, 2, 10, 0.1, 3, 3, True]",1.5872046,1.5872046,1.5743107,0.38718015,0.016781606,1.5872046,-2.9818385,0.543873,0.016781606,0.033752955,0.02826054,0.12036542,0.152921,1.5743107,0.152231,1.349990,0.38718015,1.3319228,-1.663299,0.650835,0.0170043,0.03383586,0.03916653,0.13969444,0.174946,1.2753079,0.187155,1.140139,0.5921508,42
140,"[1, 0.0003, 12, 8, 16, 48, 5, 0.6, 1, 40, 0.2, 1, 3, True]",1.4826667,1.4826667,1.4812895,0.42354047,0.01680719,1.4826667,-2.1671154,0.530993,0.01680719,0.03383323,0.025515752,0.11620339,0.145093,1.4812895,0.146795,1.282757,0.42354047,1.3367599,-1.7018293,0.663706,0.017315108,0.034349404,0.040837295,0.14099002,0.175889,1.2945603,0.189709,1.164203,0.5931432,31
141,"[1, 0.0003, 12, 8, 16, 48, 5, 0.6, 2, 40, 0.2, 1, 3, True]",1.5017436,1.5017436,1.4953256,0.39239895,0.017375264,1.5017436,-2.4657204,0.537753,0.017375264,0.03414821,0.026843343,0.118812576,0.149062,1.4953256,0.149232,1.315705,0.39239895,1.3728144,-1.7060343,0.694382,0.018099826,0.035837315,0.04489023,0.14873195,0.185616,1.3214754,0.198257,1.220608,0.5704755,43
142,"[1, 0.0003, 12, 8, 16, 48, 5, 0.6, 1, 40, 0.2, 1, 3, True]",1.4924217,1.4924217,1.4918354,0.41693792,0.01711468,1.4924217,-2.2061663,0.537055,0.01711468,0.034206633,0.026432958,0.11827467,0.147742,1.4918354,0.148895,1.305609,0.41693792,1.3589923,-1.7043306,0.685280,0.017881505,0.035408124,0.04337968,0.1467413,0.181910,1.3186654,0.194883,1.199895,0.58274907,23
143,"[1, 0.0003, 12, 8, 16, 48, 5, 0.6, 1, 40, 0.2, 1, 3, True]",1.5470251,1.5470251,1.5407406,0.4060947,0.01689514,1.5470251,-2.5621812,0.540615,0.01689514,0.034121074,0.026452286,0.11844446,0.148241,1.5407406,0.149769,1.306086,0.4060947,1.3851641,-1.9419296,0.663061,0.017462824,0.03476433,0.040887292,0.1413566,0.178692,1.3266183,0.191964,1.164915,0.5805207,21
144,"[1, 0.0003, 12, 8, 16, 48, 5, 0.6, 1, 40, 0.2, 1, 3, True]",1.5595142,1.5595142,1.5319519,0.3822108,0.016796827,1.5595142,-2.5962996,0.533922,0.016796827,0.033309262,0.026572065,0.11743764,0.148632,1.5319519,0.149170,1.309040,0.3822108,1.3360173,-1.5085864,0.668498,0.017391128,0.0344246,0.043247137,0.14455977,0.183181,1.2740618,0.194149,1.198061,0.5714083,62
145,"[1, 0.0003, 12, 16, 16, 48, 5, 0.6, 1, 20, 0.2, 3, 3, True]",1.528438,1.528438,1.5064303,0.38288265,0.016683135,1.528438,-2.2967858,0.536834,0.016683135,0.03371627,0.026932025,0.1185416,0.151050,1.5064303,0.151128,1.317877,0.38288265,1.3645576,-1.7230333,0.662061,0.017364416,0.03445655,0.042350844,0.14236712,0.181708,1.3005873,0.193683,1.185581,0.5719399,54
146,"[1, 0.0005, 12, 8, 24, 48, 7, 0.6, 1, 40, 0.2, 1, 3, True]",1.4838798,1.4838798,1.4773928,0.40817842,0.017314868,1.4838798,-2.361869,0.537969,0.017314868,0.03436236,0.02703645,0.11829396,0.150231,1.4773928,0.150978,1.320429,0.40817842,1.4012033,-1.8597248,0.702011,0.018406566,0.03637443,0.047152806,0.15016684,0.189242,1.3522607,0.202429,1.250990,0.5569643,22
147,"[1, 0.0005, 12, 8, 24, 48, 7, 0.6, 1, 40, 0.2, 1, 3, True]",1.560541,1.560541,1.5535072,0.4120157,0.01693814,1.560541,-2.7741313,0.541861,0.01693814,0.03448158,0.027322434,0.11982291,0.150258,1.5535072,0.150272,1.327394,0.4120157,1.3880059,-2.0294554,0.655092,0.0173292,0.034570582,0.03890607,0.14005306,0.175192,1.3463153,0.187687,1.136342,0.58751273,22
148,"[1, 0.0005, 12, 16, 24, 64, 7, 0.6, 1, 40, 0.2, 1, 3, True]",1.5186441,1.5186441,1.5223752,0.4173403,0.017391728,1.5186441,-2.9447074,0.545818,0.017391728,0.034146033,0.028254455,0.1214015,0.153037,1.5223752,0.151559,1.349845,0.4173403,1.3952844,-1.9389168,0.692095,0.01816098,0.036062993,0.043050773,0.14769764,0.182493,1.3534778,0.195748,1.195338,0.5769198,21
149,"[1, 0.0005, 12, 8, 24, 48, 7, 0.6, 1, 40, 0.2, 1, 3, True]",1.5528284,1.5528284,1.5423892,0.3984718,0.016614802,1.5528284,-2.5300734,0.536427,0.016614802,0.0333833,0.026296267,0.1177617,0.148242,1.5423892,0.149667,1.302229,0.3984718,1.3225912,-1.5520395,0.656237,0.017123064,0.033961784,0.04096322,0.14072104,0.177572,1.2706593,0.190142,1.165997,0.5935431,32
150,"[1, 0.0005, 12, 12, 24, 48, 7, 0.5, 1, 40, 0.2, 1, 3, True]",1.5686533,1.5686533,1.5633748,0.40468895,0.017162852,1.5686533,-2.7958136,0.549497,0.017162852,0.034734316,0.027719194,0.121105835,0.151691,1.5633748,0.152107,1.336997,0.40468895,1.3813648,-1.9057208,0.670937,0.017659558,0.035156224,0.040655077,0.14368375,0.178608,1.3286086,0.191315,1.161603,0.58719087,22
151,"[1, 0.0005, 12, 8, 24, 48, 7, 0.6, 1, 20, 0.2, 3, 3, True]",1.5453434,1.5453434,1.5398872,0.40224802,0.017209793,1.5453434,-2.5298393,0.545782,0.017209793,0.03435085,0.027098352,0.119930916,0.150103,1.5398872,0.150879,1.321940,0.40224802,1.3782777,-1.8150259,0.676115,0.017746126,0.03524076,0.041862592,0.1448601,0.180987,1.3277018,0.193565,1.178727,0.5770747,23
152,"[2, 0.0005, 12, 8, 24, 48, 20, 0.6, 2, 40, 0.2, 1, 3, True]",1.4992249,1.4992249,1.4838718,0.40980682,0.016987307,1.4992249,-2.541281,0.537261,0.016987307,0.034075063,0.026759952,0.11884974,0.149611,1.4838718,0.149593,1.313660,0.40980682,1.3712656,-1.7797116,0.683727,0.01784901,0.035368018,0.04358772,0.14615962,0.182560,1.3233571,0.195768,1.202769,0.58131164,31
153,"[1, 0.0003, 12, 8, 16, 48, 5, 0.6, 1, 20, 0.05, 3, 3, True]",1.4584222,1.4584222,1.4778298,0.43840507,0.01765705,1.4584222,-2.194586,0.543160,0.01765705,0.035330575,0.026706047,0.119331986,0.147470,1.4778298,0.149113,1.312336,0.43840507,1.3725795,-1.8266122,0.694735,0.018275445,0.036132697,0.0450769,0.14830662,0.183658,1.3475902,0.196789,1.223143,0.5819207,23
154,"[1, 0.0005, 12, 8, 24, 48, 9, 0.6, 2, 20, 0.05, 3, 3, True]",1.5028952,1.5028952,1.5151556,0.4022375,0.016967561,1.5028952,-2.694284,0.539537,0.016967561,0.034090914,0.026739769,0.118957855,0.148809,1.5151556,0.149056,1.313164,0.4022375,1.3426178,-1.6799151,0.671800,0.017593218,0.03490925,0.041418236,0.14292543,0.177758,1.3110956,0.191319,1.172454,0.5885047,23
155,"[1, 0.0005, 12, 8, 16, 48, 15, 0.6, 1, 40, 0.05, 3, 3, True]",1.4964036,1.4964036,1.4888228,0.41182914,0.017390845,1.4964036,-2.6292129,0.540927,0.017390845,0.034444366,0.02716865,0.11919093,0.150228,1.4888228,0.150892,1.323653,0.41182914,1.344351,-1.5933025,0.688876,0.01791626,0.035425346,0.044353563,0.14780621,0.183375,1.2977638,0.196002,1.213290,0.5920624,28
156,"[1, 0.0003, 12, 16, 24, 48, 5, 0.6, 1, 30, 0.05, 1, 3, True]",1.6082654,1.6082654,1.579735,0.39117256,0.016867587,1.6082654,-2.8763356,0.546379,0.016867587,0.03393831,0.028148346,0.120250225,0.152653,1.579735,0.152816,1.347307,0.39117256,1.3525871,-1.7632557,0.645731,0.01692196,0.033729754,0.03913619,0.13869332,0.175821,1.2811834,0.186765,1.139697,0.59587896,31
157,"[1, 0.0005, 12, 8, 16, 48, 20, 0.6, 1, 20, 0.05, 3, 3, True]",1.5097947,1.5097947,1.500954,0.4079964,0.016541261,1.5097947,-2.455288,0.530892,0.016541261,0.033496376,0.02601636,0.116471894,0.146940,1.500954,0.148432,1.295280,0.4079964,1.3424736,-1.6774075,0.659282,0.01720524,0.034135886,0.041216694,0.14096259,0.178003,1.294331,0.190898,1.169598,0.58535016,38
158,"[1, 0.0005, 12, 8, 32, 48, 7, 0.6, 1, 10, 0.05, 3, 3, True]",1.5065433,1.5065433,1.4993354,0.39746562,0.016515795,1.5065433,-2.2895439,0.530248,0.016515795,0.033130698,0.025610652,0.1162235,0.146590,1.4993354,0.147947,1.285140,0.39746562,1.3187046,-1.5404847,0.656825,0.017084122,0.033871505,0.0410205,0.14014207,0.177191,1.2654058,0.190298,1.166812,0.590716,27
159,"[1, 0.0008, 12, 16, 16, 32, 5, 0.4, 1, 20, 0.2, 3, 3, True]",1.5466268,1.5466268,1.5385528,0.40536416,0.016647385,1.5466268,-2.7729383,0.536258,0.016647385,0.033700876,0.026911128,0.11834936,0.148803,1.5385528,0.148863,1.317365,0.40536416,1.3178111,-1.6037227,0.652178,0.016972383,0.033744205,0.039295916,0.13961785,0.174238,1.273659,0.186249,1.142020,0.5999276,25
160,"[1, 0.0003, 12, 8, 24, 48, 20, 0.6, 1, 40, 0.05, 1, 3, True]",1.5537791,1.5537791,1.5546678,0.3962883,0.017233036,1.5537791,-2.5204136,0.547386,0.017233036,0.034604955,0.026904719,0.12018072,0.149726,1.5546678,0.150837,1.317208,0.3962883,1.3712844,-1.9092287,0.658723,0.017315444,0.03451904,0.03977586,0.14069161,0.176572,1.3193346,0.189692,1.148973,0.58527374,21
161,"[2, 0.0003, 12, 8, 16, 48, 5, 0.6, 1, 20, 0.1, 3, 2, True]",1.5256829,1.5256829,1.5102738,0.40315124,0.016928881,1.5256829,-2.2756295,0.537518,0.016928881,0.034124073,0.026361292,0.11769493,0.148855,1.5102738,0.150176,1.303838,0.40315124,1.3813406,-1.9194077,0.664502,0.017460106,0.034712255,0.041372288,0.14190023,0.179252,1.3195249,0.192384,1.171804,0.5736117,33
162,"[2, 0.0003, 12, 8, 16, 48, 5, 0.6, 1, 20, 0.2, 3, 3, True]",1.5948068,1.5948068,1.5900116,0.39542183,0.017578634,1.5948068,-2.6732726,0.561657,0.017578634,0.035547804,0.02866696,0.12389113,0.154859,1.5900116,0.155188,1.359662,0.39542183,1.4534904,-2.3024113,0.681865,0.01811742,0.036170933,0.04231251,0.14623965,0.183855,1.397272,0.196390,1.185044,0.56290364,35
163,"[2, 0.0003, 12, 8, 16, 48, 5, 0.6, 1, 20, 0.2, 3, 3, True]",1.5093398,1.5093398,1.5030752,0.41155487,0.016895918,1.5093398,-2.273925,0.537071,0.016895918,0.033879213,0.026300276,0.118061446,0.147925,1.5030752,0.148989,1.302328,0.41155487,1.3490947,-1.7114887,0.667556,0.017379006,0.034495734,0.04145606,0.14224072,0.178479,1.2917082,0.191868,1.172990,0.5889643,22
164,"[2, 0.0003, 12, 8, 16, 48, 5, 0.6, 1, 20, 0.1, 3, 3, True]",1.5310931,1.5310931,1.5295119,0.40856683,0.017402224,1.5310931,-2.3696475,0.547257,0.017402224,0.034997005,0.027003245,0.120722175,0.149559,1.5295119,0.150187,1.319618,0.40856683,1.3646702,-1.8501134,0.675239,0.01771357,0.035236303,0.040945042,0.14390221,0.177701,1.3280492,0.191107,1.165738,0.5975195,36
165,"[2, 0.0003, 12, 8, 16, 48, 5, 0.6, 1, 20, 0.05, 3, 3, True]",1.6133534,1.6133534,1.6122664,0.39397138,0.017860992,1.6133534,-2.8371418,0.564200,0.017860992,0.036055434,0.02888539,0.12465269,0.154530,1.6122664,0.154551,1.364833,0.39397138,1.4635049,-2.4760432,0.685264,0.018252015,0.0365685,0.040772043,0.14642398,0.180888,1.4104966,0.193981,1.163272,0.57203364,27
166,"[1, 0.0005, 12, 8, 16, 48, 7, 0.6, 1, 20, 0.2, 3, 2, True]",1.6091825,1.6091825,1.5799633,0.3898565,0.017024545,1.6091825,-2.8998666,0.552148,0.017024545,0.03447757,0.028809575,0.12155736,0.154265,1.5799633,0.154223,1.363040,0.3898565,1.3755233,-1.8818569,0.652592,0.01712907,0.034158908,0.03940404,0.13961744,0.176883,1.3077443,0.188285,1.143591,0.5845002,31
167,"[2, 0.0005, 8, 16, 24, 48, 20, 0.6, 1, 64, 0.2, 3, 3, True]",1.5180837,1.5180837,1.5145427,0.41586822,0.016917031,1.5180837,-2.4909914,0.535607,0.016917031,0.034155514,0.02620007,0.11777975,0.147297,1.5145427,0.148138,1.299845,0.41586822,1.3647655,-1.8721015,0.666355,0.017485963,0.03478631,0.040277664,0.14172252,0.176160,1.3214812,0.190032,1.156198,0.589914,28
168,"[1, 0.0005, 12, 8, 16, 48, 5, 0.5, 1, 20, 0.2, 0.1, 3, True]",1.515456,1.515456,1.5021597,0.38608545,0.016731678,1.515456,-2.4121718,0.537280,0.016731678,0.033705115,0.026431939,0.11833407,0.149201,1.5021597,0.150035,1.305584,0.38608545,1.3313035,-1.5683312,0.662928,0.01728647,0.034251757,0.04237026,0.14191198,0.180056,1.2781596,0.193043,1.185853,0.5831574,23
169,"[2, 0.0003, 12, 12, 16, 48, 20, 0.6, 1, 40, 0.05, 3, 3, True]",1.505483,1.505483,1.5310881,0.43400714,0.01859839,1.505483,-2.3078005,0.555379,0.01859839,0.036007345,0.028027507,0.12234719,0.151653,1.5310881,0.152730,1.344412,0.43400714,1.4508854,-2.202413,0.738241,0.019472789,0.038561445,0.048287597,0.15795824,0.192043,1.4285406,0.205385,1.265954,0.5723451,24
170,"[2, 0.0005, 12, 8, 24, 48, 5, 0.6, 1, 20, 0.1, 1, 3, True]",1.5970356,1.5970356,1.5866697,0.3990909,0.016575852,1.5970356,-2.970376,0.543134,0.016575852,0.03344727,0.02768549,0.11962471,0.150356,1.5866697,0.150577,1.336184,0.3990909,1.3276029,-1.7085608,0.641379,0.016781462,0.033475336,0.038369644,0.13775672,0.173049,1.2729815,0.184859,1.128481,0.6016703,27
171,"[1, 0.0005, 12, 16, 24, 48, 5, 0.6, 1, 20, 0.05, 3, 3, True]",1.5256424,1.5256424,1.5166926,0.41608292,0.016600346,1.5256424,-2.5354064,0.533872,0.016600346,0.03364889,0.026202329,0.11701927,0.146972,1.5166926,0.147970,1.299901,0.41608292,1.3364371,-1.6525319,0.658093,0.017159846,0.034077253,0.0404004,0.14105017,0.176551,1.2883583,0.188815,1.157959,0.59280956,31
172,"[1, 0.0005, 12, 16, 24, 48, 5, 0.6, 1, 20, 0.05, 3, 3, True]",1.4798241,1.4798241,1.4791863,0.38735437,0.017315047,1.4798241,-2.2978907,0.542605,0.017315047,0.03463633,0.028178709,0.12063631,0.153370,1.4791863,0.153191,1.348034,0.38735437,1.3787534,-1.6901444,0.695919,0.018215658,0.035986982,0.046459865,0.1492157,0.188237,1.3327845,0.200837,1.241764,0.5504593,23
173,"[1, 0.0005, 12, 16, 24, 48, 5, 0.6, 1, 20, 0.05, 3, 3, True]",1.5462232,1.5462232,1.5347254,0.38714367,0.017113775,1.5462232,-2.4013362,0.548383,0.017113775,0.034242947,0.027362082,0.12036169,0.151764,1.5347254,0.152743,1.328357,0.38714367,1.3548739,-1.5992548,0.676637,0.01774366,0.035124976,0.043308806,0.14593348,0.183577,1.3040471,0.195308,1.198915,0.5695439,32
174,"[1, 0.0005, 12, 16, 24, 48, 5, 0.6, 1, 20, 0.05, 3, 3, True]",1.5570958,1.5570958,1.551702,0.3889031,0.016650114,1.5570958,-2.6489446,0.539349,0.016650114,0.0333723,0.026463889,0.11802338,0.148124,1.551702,0.149556,1.306373,0.3889031,1.3194815,-1.5789198,0.648755,0.016930351,0.03366642,0.039834,0.13924924,0.176006,1.2682228,0.187537,1.149813,0.59214455,22
175,"[1, 0.0005, 12, 16, 24, 48, 5, 0.6, 1, 30, 0.05, 3, 3, True]",1.5820243,1.5820243,1.5764859,0.4009234,0.016810378,1.5820243,-2.8342986,0.542810,0.016810378,0.03412605,0.027123617,0.11940106,0.149455,1.5764859,0.150124,1.322556,0.4009234,1.3561002,-1.8720778,0.645408,0.016959969,0.03384731,0.03833413,0.13814622,0.173268,1.3031213,0.185839,1.127958,0.5975446,27
176,"[1, 0.0005, 12, 16, 16, 48, 7, 0.6, 1, 20, 0.2, 3, 3, True]",1.4880744,1.4880744,1.477835,0.4151958,0.017425181,1.4880744,-2.311017,0.540892,0.017425181,0.03458915,0.02708885,0.11859594,0.150437,1.477835,0.151771,1.321708,0.4151958,1.4034582,-1.9423813,0.694518,0.018197257,0.036022756,0.04572805,0.1483861,0.186577,1.3413152,0.199946,1.231946,0.5696314,22
177,"[2, 0.0005, 12, 8, 24, 64, 20, 0.6, 1, 10, 0.2, 3, 3, True]",1.5403241,1.5403241,1.5197761,0.38173592,0.017131457,1.5403241,-2.6278968,0.542019,0.017131457,0.0342345,0.02695409,0.11962506,0.150268,1.5197761,0.150777,1.318417,0.38173592,1.3671681,-1.6859276,0.681920,0.017837819,0.03535523,0.043480992,0.14655024,0.183888,1.3143463,0.196050,1.201296,0.5701697,31
178,"[1, 0.0003, 12, 8, 16, 48, 5, 0.6, 1, 20, 0.05, 1, 3, True]",1.6026615,1.6026615,1.5740546,0.3979612,0.017040642,1.6026615,-2.9156985,0.546402,0.017040642,0.0341679,0.028124172,0.12011042,0.151900,1.5740546,0.152181,1.346729,0.3979612,1.3472182,-1.7706627,0.649014,0.016961245,0.033813287,0.039091256,0.13929607,0.175187,1.2827677,0.186301,1.139043,0.60249734,24
179,"[2, 0.0005, 12, 16, 24, 48, 20, 0.6, 1, 40, 0.2, 3, 2, True]",1.5539873,1.5539873,1.531698,0.39499757,0.01794657,1.5539873,-2.543267,0.555292,0.01794657,0.03587166,0.029723413,0.123389654,0.156668,1.531698,0.156060,1.384489,0.39499757,1.4582464,-2.2373645,0.704860,0.018647581,0.037016932,0.04627269,0.15134662,0.190292,1.3989646,0.203054,1.239260,0.545161,22
180,"[2, 0.0005, 12, 8, 16, 48, 7, 0.6, 1, 20, 0.2, 3, 3, True]",1.5205921,1.5205921,1.5027016,0.40543136,0.017064048,1.5205921,-2.3658006,0.536008,0.017064048,0.034113657,0.026335988,0.11738646,0.147939,1.5027016,0.149423,1.303212,0.40543136,1.3538889,-1.7306465,0.673773,0.017566754,0.034846302,0.041810982,0.14396374,0.179066,1.300293,0.192106,1.178000,0.58891034,21
181,"[1, 0.0005, 12, 16, 16, 48, 7, 0.6, 1, 20, 0.2, 3, 3, True]",1.5201458,1.5201458,1.5110145,0.42053565,0.01690548,1.5201458,-2.470243,0.535171,0.01690548,0.033881053,0.026724106,0.11783979,0.149287,1.5110145,0.149939,1.312780,0.42053565,1.3961275,-1.9759337,0.674917,0.017780002,0.03532232,0.042389438,0.14425066,0.181251,1.3435805,0.194380,1.186121,0.57738966,22
182,"[1, 0.0005, 12, 16, 16, 48, 7, 0.6, 1, 20, 0.2, 3, 3, True]",1.5456486,1.5456486,1.535055,0.4051131,0.017200196,1.5456486,-2.6993606,0.545795,0.017200196,0.034724224,0.02763763,0.120602265,0.151673,1.535055,0.151638,1.335029,0.4051131,1.4073242,-2.043528,0.676595,0.017785816,0.035392784,0.041714255,0.14459091,0.180850,1.3482907,0.193591,1.176637,0.5704956,24
183,"[1, 0.0005, 12, 16, 16, 48, 7, 0.6, 1, 20, 0.2, 3, 3, True]",1.4894979,1.4894979,1.4870223,0.41387087,0.016557312,1.4894979,-2.4737651,0.530920,0.016557312,0.033503853,0.02571564,0.11630607,0.145935,1.4870223,0.147409,1.287772,0.41387087,1.3209381,-1.5951201,0.657847,0.01711273,0.0339341,0.040482644,0.14023444,0.175474,1.2783643,0.188585,1.159137,0.59364766,25
184,"[1, 0.0005, 12, 16, 16, 48, 7, 0.6, 1, 20, 0.2, 3, 3, True]",1.5898894,1.5898894,1.5855043,0.39321038,0.017975135,1.5898894,-2.7045734,0.563532,0.017975135,0.035981935,0.029002117,0.12478625,0.154904,1.5855043,0.154828,1.367588,0.39321038,1.396532,-1.9487927,0.685961,0.018092202,0.036018368,0.042003646,0.14716068,0.181925,1.3486805,0.194088,1.180711,0.5846482,30
185,"[1, 0.0005, 12, 16, 16, 48, 7, 0.6, 2, 20, 0.2, 3, 3, True]",1.5377368,1.5377368,1.5338222,0.4045495,0.016499452,1.5377368,-2.6589506,0.533786,0.016499452,0.03326978,0.026275335,0.11725107,0.146714,1.5338222,0.147667,1.301711,0.4045495,1.3086332,-1.5418439,0.649749,0.016909854,0.03357854,0.039889928,0.13882531,0.174804,1.262111,0.187338,1.150620,0.600459,26
186,"[1, 0.0005, 12, 8, 24, 48, 5, 0.5, 1, 40, 0.1, 1, 3, True]",1.5271142,1.5271142,1.5230153,0.40979227,0.016756974,1.5271142,-2.639617,0.537767,0.016756974,0.03396839,0.026183488,0.11792998,0.147249,1.5230153,0.148365,1.299433,0.40979227,1.3415756,-1.748291,0.653017,0.017081307,0.03400998,0.038899206,0.13957994,0.174044,1.298449,0.186532,1.136241,0.5938868,25
187,"[1, 0.0003, 12, 16, 16, 48, 9, 0.6, 1, 20, 0.2, 3, 3, True]",1.5668755,1.5668755,1.5537502,0.40776405,0.016563425,1.5668755,-2.7455244,0.539175,0.016563425,0.033489205,0.026745385,0.117826104,0.148567,1.5537502,0.150301,1.313302,0.40776405,1.3218904,-1.6826123,0.637961,0.016676992,0.033231445,0.038311142,0.1368386,0.172551,1.2669905,0.184407,1.127620,0.60444164,22
188,"[2, 0.0005, 12, 12, 16, 48, 20, 0.6, 1, 20, 0.05, 3, 3, True]",1.5315354,1.5315354,1.5300364,0.4101856,0.016991591,1.5315354,-2.6172888,0.540537,0.016991591,0.034086537,0.026427407,0.11851039,0.147953,1.5300364,0.149342,1.305472,0.4101856,1.3445585,-1.7289373,0.663007,0.017320996,0.034425866,0.040353876,0.14174153,0.176473,1.2994426,0.189167,1.157292,0.59620136,26
189,"[2, 0.0005, 12, 8, 24, 48, 5, 0.6, 1, 40, 0.2, 1, 3, True]",1.4776717,1.4776717,1.4781832,0.4017773,0.017540302,1.4776717,-2.0824914,0.544998,0.017540302,0.03471917,0.02735265,0.120214775,0.150932,1.4781832,0.151726,1.328128,0.4017773,1.3741219,-1.6994194,0.701018,0.018354872,0.036241606,0.04699385,0.14964935,0.187813,1.3296986,0.201324,1.248880,0.5672329,22
190,"[2, 0.0008, 12, 8, 24, 32, 5, 0.4, 1, 40, 0.2, 1, 3, True]",1.565792,1.565792,1.5541972,0.40105644,0.01659466,1.565792,-2.6668718,0.539233,0.01659466,0.033320654,0.026542787,0.11833448,0.148431,1.5541972,0.149353,1.308319,0.40105644,1.3217607,-1.6058103,0.648343,0.016909864,0.033626083,0.039149877,0.13947576,0.174856,1.2666295,0.186390,1.139896,0.5983109,23
191,"[2, 0.0005, 12, 8, 24, 48, 5, 0.6, 1, 40, 0.2, 1, 3, True]",1.5846374,1.5846374,1.5884844,0.3939056,0.017840859,1.5846374,-2.6420746,0.564585,0.017840859,0.036057636,0.028969204,0.12520498,0.155567,1.5884844,0.155307,1.366811,0.3939056,1.4337363,-2.111459,0.697372,0.0185455,0.03693429,0.04323794,0.14989538,0.185315,1.3998249,0.197467,1.197933,0.5538185,31
192,"[2, 0.0005, 12, 8, 24, 48, 5, 0.6, 1, 40, 0.2, 1, 3, True]",1.5445178,1.5445178,1.5214068,0.3978826,0.017219493,1.5445178,-2.762101,0.539602,0.017219493,0.033736076,0.027191972,0.11870824,0.149939,1.5214068,0.150254,1.324222,0.3978826,1.3466017,-1.6056106,0.679793,0.01766229,0.035018284,0.042220313,0.14644559,0.181168,1.291425,0.192628,1.183753,0.5930363,38
193,"[2, 0.0005, 12, 8, 24, 48, 5, 0.6, 1, 40, 0.2, 1, 3, True]",1.5666276,1.5666276,1.5566336,0.40095684,0.017269345,1.5666276,-2.6223226,0.547160,0.017269345,0.03477503,0.027490662,0.12074843,0.150820,1.5566336,0.150875,1.331475,0.40095684,1.3714814,-1.887907,0.664536,0.017428806,0.034727275,0.040148035,0.14174634,0.177208,1.318821,0.189777,1.154336,0.5900132,32
194,"[2, 0.0005, 12, 8, 24, 48, 15, 0.6, 1, 40, 0.2, 1, 3, True]",1.5357537,1.5357537,1.5234236,0.40662822,0.017428938,1.5357537,-2.4163446,0.552260,0.017428938,0.035064206,0.028338883,0.121763974,0.153772,1.5234236,0.154198,1.351860,0.40662822,1.4255695,-1.9876091,0.695775,0.018337319,0.036347605,0.046419892,0.14919251,0.189693,1.3618845,0.202545,1.241230,0.5478533,22
195,"[1, 0.0005, 12, 8, 32, 48, 5, 0.6, 1, 30, 0.2, 3, 3, True]",1.5435416,1.5435416,1.544688,0.4021841,0.01762835,1.5435416,-2.7119856,0.542646,0.01762835,0.034460153,0.027237928,0.12016836,0.150181,1.544688,0.149965,1.325340,0.4021841,1.3779722,-1.8790084,0.681456,0.017916877,0.03564007,0.04130354,0.14569561,0.179510,1.3406552,0.192221,1.170830,0.59024715,23
196,"[2, 0.0003, 12, 8, 16, 48, 7, 0.6, 1, 20, 0.05, 3, 3, True]",1.4776685,1.4776685,1.478106,0.40455773,0.017083626,1.4776685,-2.149258,0.535947,0.017083626,0.033904843,0.02585422,0.11686409,0.146482,1.478106,0.148635,1.291237,0.40455773,1.3312104,-1.5705211,0.670884,0.017464103,0.034568764,0.042061333,0.14347938,0.178934,1.2898096,0.191525,1.181522,0.5860779,21
197,"[2, 0.0003, 8, 8, 24, 48, 20, 0.6, 1, 10, 0.05, 1, 3, True]",1.5724392,1.5724392,1.5739516,0.38498148,0.017257273,1.5724392,-2.627986,0.552695,0.017257273,0.03447097,0.02771415,0.121809855,0.151934,1.5739516,0.152451,1.336876,0.38498148,1.3674929,-1.742965,0.672724,0.017678704,0.03514405,0.0422778,0.14455883,0.181788,1.3211057,0.194068,1.184558,0.575679,22
198,"[2, 0.0003, 12, 8, 16, 48, 5, 0.6, 1, 20, 0.05, 3, 3, True]",1.6173954,1.6173954,1.5790737,0.37564686,0.017593283,1.6173954,-2.7316942,0.567484,0.017593283,0.035077836,0.030624384,0.12538217,0.159939,1.5790737,0.159467,1.405316,0.37564686,1.3801959,-1.7106167,0.690669,0.01800142,0.03571512,0.04445541,0.14950861,0.187026,1.3100754,0.197968,1.214682,0.58245647,29
199,"[2, 0.0003, 12, 8, 24, 48, 7, 0.6, 1, 40, 0.05, 3, 2, True]",1.5927742,1.5927742,1.5795556,0.40114802,0.01699738,1.5927742,-2.783543,0.545651,0.01699738,0.034327578,0.02760082,0.12026248,0.150944,1.5795556,0.151403,1.334140,0.40114802,1.3464824,-1.7858336,0.647925,0.016947446,0.033808995,0.038131453,0.13888268,0.173231,1.2937603,0.184790,1.124972,0.6013652,34
