Solution,2026-01,2026-02,2026-03,2026-04,2026-05,2026-06,2026-07,2026-08,2026-09,2026-10,2026-11,2026-12,2027-01,2027-02,2027-03,2027-04,2027-05,2027-06,2027-07,2027-08,2027-09,2027-10,2027-11,2027-12,2028-01,2028-02,2028-03,2028-04,2028-05,2028-06,2028-07,2028-08,2028-09,2028-10,2028-11,2028-12
MSFT,-0.2710302455192216,-0.26861496562289205,-0.2670407806650483,-0.2669106900420628,-0.2658237911328384,-0.26598584771587697,-0.2664116975674997,-0.26709881975958916,-0.2666056377761321,-0.2675322504015498,-0.2685652816243679,-0.2694592775403408,-0.27084150087008485,-0.2728755691297303,-0.27393933762857736,-0.2752459645667522,-0.27401433243147155,-0.27302852617580775,-0.2714237715283103,-0.2703827424686379,-0.26846932258923695,-0.2665183141326336,-0.2640433450330594,-0.2599917352674238,-0.2551326240316242,-0.2511902279516459,-0.24557538307050597,-0.24133625789064228,-0.23704843262977227,-0.23176182224326347,-0.22697737375446836,-0.2232842133852423,-0.21847076880016136,-0.21491860098956983,-0.21209611561101327,-0.20925285455871923
NVDA,-0.21578603871354085,-0.21639276480464392,-0.21636260146053055,-0.21657887279262134,-0.2179945679029489,-0.21957898644271812,-0.2206527890104285,-0.2215397979742848,-0.223498905228942,-0.22656044119370855,-0.22792802755142239,-0.22955163414663238,-0.23181984274497824,-0.23458020789639222,-0.23763924763890798,-0.2393348712523059,-0.2422189427773479,-0.2425591190493911,-0.24323715610574614,-0.24451128198078043,-0.24438211551708688,-0.24419515036894335,-0.24318543655944758,-0.23900297634881607,-0.2349769426978109,-0.23061967652482362,-0.2253817632898215,-0.2203732311072617,-0.21487549929524796,-0.20980975821221726,-0.20476328831577384,-0.19988685929650118,-0.19443235981914808,-0.18970280432638276,-0.18591981824737902,-0.1820231884030029
AMZN,-0.22639104393596676,-0.2229529021636007,-0.21996040556204077,-0.21846580717209207,-0.2154111759440196,-0.2136107183578433,-0.21226805069900223,-0.21046223825313826,-0.20867215365661917,-0.20831933576263184,-0.20769627992596673,-0.20790110032589182,-0.2087080079896384,-0.2103208416590634,-0.2120155924707695,-0.21405778106590811,-0.21407946666286992,-0.2143551433364026,-0.21439521459594302,-0.21457672209638634,-0.2136084806887163,-0.21223893001763205,-0.2102429879459108,-0.20651046777564663,-0.20256855482470537,-0.19922913460755465,-0.19436878533575164,-0.19019231646651336,-0.18505566144743624,-0.17959817446656412,-0.1738734697497909,-0.169549014553375,-0.1646253804028288,-0.16006846995613888,-0.1568941548865631,-0.15223570425937338
INTC,-0.1482710839199125,-0.14287453596984784,-0.13769299585450545,-0.1327535241668033,-0.12813064954209252,-0.12482028200476347,-0.1218757165348543,-0.11880710920903081,-0.11562869477078908,-0.11300639621223663,-0.11084859460391205,-0.1086413983090958,-0.1068089369132893,-0.10541063420355445,-0.10354643435802402,-0.1017291270041688,-0.09824955182966144,-0.0946535571733701,-0.09053417957509557,-0.08694754891508871,-0.08270226500763189,-0.07838565377465412,-0.07368159205956559,-0.06743255723088493,-0.06065337059878406,-0.05421097682684606,-0.046850863550177535,-0.03962635389503921,-0.032403796786153016,-0.024606443839874204,-0.017165229738878796,-0.010435408659897338,-0.0029158278096313994,0.003955101096048241,0.009417857805047558,0.016061491244850346
TSM,0.0035472874234208085,0.007270231507719216,0.01173627183419862,0.015486856878401123,0.01956479026934632,0.02246824757568422,0.025197333975446545,0.026744141013779532,0.02817122374316705,0.028361723292223306,0.027131194829069005,0.02561414430140574,0.0233353466106051,0.020689031131834734,0.01848030243910015,0.014524971387597008,0.011740133824378773,0.00858684403893284,0.005718986667342829,0.002040933145193158,-0.002096153953913271,-0.006073960783696153,-0.009805254452360246,-0.012029367113469691,-0.013814367140181583,-0.01650458037335245,-0.017558303490778915,-0.020456851962321942,-0.02286554471538027,-0.02406662725192943,-0.026183712595192254,-0.029405807029603936,-0.030401292696940807,-0.03384105560853268,-0.037863295609776526,-0.04042699944597128
META,0.08312891301604913,0.07993738006025575,0.07600985765206625,0.07222602842585318,0.06883852846864752,0.06498200566021378,0.06081727343276355,0.05811978141653379,0.05540937982472288,0.05409567392481485,0.05186839960304879,0.05076009997803632,0.04951156490407349,0.0484164194040454,0.04691361954060802,0.046940751793309254,0.048360480144134854,0.049682662039080894,0.05149598612451778,0.05377307557880806,0.05632093343801203,0.05985375180743491,0.0625140901441501,0.06579494263001451,0.069622605718484,0.07299169676409589,0.07632323415768316,0.0802140472740952,0.08369231430739876,0.08791166143354179,0.0916852536645697,0.09399956198340487,0.0976381385321401,0.10070656616153895,0.1026411133743772,0.10501285790454251
IBM,0.03789306343391735,0.04158235427629692,0.0447596267879764,0.047151244760540945,0.05032871400007077,0.05285271811058484,0.05501177498273302,0.0574073376621026,0.059755640550846256,0.061683198785513704,0.06302083127745078,0.06444027833101956,0.06546430382302476,0.06642355065428146,0.0680648981280092,0.06922229824846216,0.07218956387217645,0.07472338433429426,0.07771585245063917,0.08089331555622725,0.08407686530562497,0.08756375805362082,0.09115345583148915,0.09530454936532184,0.09981793594665311,0.10384502365333936,0.10871984561112136,0.11313228962129585,0.11803155151497535,0.12350324901503129,0.1286735798002614,0.13328436958302214,0.13869703158468027,0.14363364722165473,0.14760408805816372,0.15231479247537272
AVGO,0.1479128521202352,0.14628207825067707,0.14517915960216632,0.14327687929687627,0.1421407228318039,0.1407094631461943,0.13944890244643177,0.13761671067114412,0.1352748317795297,0.13228355837449363,0.12923907386204647,0.12623082858404988,0.12218027514316898,0.11790422819161378,0.11356942695463085,0.1099272234146027,0.10680485675856871,0.10367551797883084,0.10046436988905416,0.09835322179925576,0.0963065145886467,0.09498604570175484,0.09487137011724467,0.09604023168326459,0.09757884505181913,0.0991132136638021,0.10172106251889956,0.10420558266114754,0.10803887561752823,0.11152280205091414,0.1154337089594899,0.11872694108921245,0.12276484482521632,0.12780667250257494,0.13152495357960414,0.13526644400199217
MU,0.027295637025185115,0.035121012874893,0.042744871747126156,0.049538480332833756,0.057000370266995226,0.06300065937004606,0.0685689143329758,0.07398393022560157,0.07944896313763683,0.08375408770904846,0.0876415175502735,0.091432249093167,0.09462022782802865,0.0974171570657299,0.10072402497739874,0.10353535270265907,0.10816161288837528,0.11256706031522518,0.11769281568931272,0.12239245976938684,0.12766049761674425,0.1331067792727249,0.1389031016969654,0.14625954591753143,0.15403850798265528,0.1614730912265604,0.1700800574120171,0.17809322920030818,0.1865856488720401,0.19598573796452623,0.20491515943659733,0.21305890410438372,0.22186303519210904,0.23013951581924252,0.23714722978819808,0.24539361597613196
GOOGL,0.11193169222871086,0.1145672453077598,0.11763504998538865,0.11957447089098683,0.122595680413913,0.12442594713543537,0.1257139468839153,0.12747953902689535,0.12955560354198775,0.13110334327477685,0.1319992380415827,0.13305715905701815,0.1342682335710858,0.13495078494049229,0.13638274438286402,0.13725309737544578,0.1403642541551628,0.142861966580886,0.14620315210346646,0.14932422193985406,0.15269805139537712,0.15699333321345443,0.1615097259819464,0.16699910447482164,0.1726732472486514,0.17808137194485985,0.18465166862286447,0.19064159358923505,0.19736778238255248,0.20451187563966733,0.21153757240958732,0.2178185660977227,0.22421209497325423,0.23061364642654403,0.23560724025315494,0.24216202175646817
NOW,0.11432962034910943,0.11831622715399087,0.12216887806595422,0.12590184000456728,0.12964488724912765,0.1335100243344851,0.13719058614601398,0.13995779571020928,0.14265501124758606,0.1449040086382412,0.14656915643236595,0.14849374383844133,0.14940976851660248,0.150513635518353,0.15149295670294383,0.1523574809422864,0.15380551019932542,0.15607063929585763,0.15828075468214453,0.16063894715578608,0.16288417412935308,0.16551998789929517,0.1677831664292806,0.17182332241622522,0.17577256081697878,0.17957705035071247,0.18396514144896792,0.18805080573370925,0.19194504062340106,0.19724017969245994,0.201983291667526,0.20586386130439877,0.21098479090117228,0.21508007388117684,0.218832561761774,0.221959018243037
SAP,0.10699062775813373,0.11330336760950338,0.11929085001893497,0.12440194320255427,0.12957085987854045,0.13336699015035136,0.13650886256334172,0.13986148983169677,0.1432025573923681,0.14541556434247083,0.14741635077622878,0.14926698426277513,0.15066332481026012,0.15118515211255723,0.15225414962253253,0.15287384897766504,0.15529011823270839,0.15757046668257058,0.16033892969857622,0.16244846044371475,0.16547764647178786,0.16850060567764985,0.172026779408456,0.17719683240701223,0.18287227917910664,0.18785875681408437,0.19431057659250256,0.20022630265065755,0.2063481092895474,0.21313985954941728,0.21974328035048007,0.2257496833814061,0.23230393966708968,0.2383170942066875,0.24293232340913196,0.24868218064334047
CRM,0.134876155371342,0.13739657762670626,0.1394614676424759,0.14154301328304864,0.14432086429415475,0.1462116792600371,0.14792739222998713,0.15025359486350132,0.1522109210509452,0.15420983364950558,0.15619822027989955,0.15816315021666383,0.15959684346881342,0.16075423984754844,0.16165309396374922,0.1628789024864114,0.16485675849431763,0.1663487854559884,0.1677240362012803,0.1691020192951082,0.1712621110184226,0.17336026234166974,0.17547408199287107,0.17891982139242324,0.18218764023217404,0.1853928966292695,0.18898460872176737,0.19276739085267475,0.19639998839997408,0.20077980605629187,0.20473341254895172,0.208291528457129,0.21169093685481355,0.21527649681822264,0.2186646280971154,0.2219305482541809
QCOM,0.0863697819004231,0.09562606773881732,0.10447285824667557,0.11270544132196042,0.12107366888006027,0.1279941374020453,0.13448512374995214,0.14062991338269298,0.14654944881509102,0.1513605343966642,0.15583642866831504,0.159917720329803,0.16338637243747134,0.16636385098984918,0.16980870138827892,0.17276674182520702,0.17727428759151787,0.18202208572791645,0.1871442956587251,0.19159862602859729,0.1966600291888857,0.20132795733080427,0.20677923377199792,0.21388132976737462,0.22125478882722882,0.22814966414332039,0.2360071782067953,0.24340949605493778,0.2509936329882091,0.25883737189879896,0.26653752772545913,0.27359797388357704,0.2813518121032164,0.28841979568674914,0.2938649834944292,0.30090288810986326
AAPL,0.1162259553985332,0.12285630749639265,0.12908442729391434,0.13454630191906025,0.14041653904227913,0.14508558307895253,0.1494259470310465,0.15369290213833964,0.157783749443353,0.1608598381138323,0.16361464032490508,0.16631230315986067,0.16845341740180175,0.17016126154701894,0.17234447382334023,0.17416872910818643,0.17782324772634078,0.18154322169876946,0.1856922450626331,0.18964431712945073,0.19418911765759084,0.19888875022301428,0.20401289738455242,0.21070144554274256,0.21766487364973192,0.2241293152535324,0.2317815202522578,0.2389108148219382,0.24656039889696812,0.2550224610236901,0.26325060989457083,0.2707156987915007,0.2789393375206657,0.28680357155363856,0.29329219094366876,0.3008142311088102
CSCO,0.16320889373847625,0.16839620751879836,0.17309864950988302,0.17768907487238483,0.18189913347228415,0.18579484009527303,0.1894590460685736,0.19285223064489232,0.19547822391695918,0.196944201180293,0.19802986930050498,0.19922977893216226,0.19903578598579835,0.19862454973166105,0.19809610721989374,0.1971772005732766,0.19754976561903692,0.19808269798141254,0.19871606193365332,0.19962526626546856,0.20088399233211574,0.202149383534648,0.2035018911508718,0.20668274046351343,0.2094294803397206,0.211933269529276,0.21527572417451035,0.21828686836246664,0.22131163562083406,0.225456097671978,0.2296320053218699,0.2324244143796051,0.23670336390883878,0.2397746084611363,0.24205152117708884,0.2446065918845185
TSLA,0.16165560735064755,0.1684043246080042,0.17448755222658807,0.17959156082917005,0.18506124912613076,0.18896995416309592,0.1923493885825719,0.19573496330013723,0.1992082788834708,0.20146948671767784,0.2031318928159045,0.20469572015753773,0.2054798464228863,0.20559639557342274,0.2062482521031579,0.20653492167292414,0.20881159781071784,0.21064372152849264,0.21262324156824125,0.21441960693221068,0.21689410309212837,0.21927024265384776,0.22210146818555387,0.22662694439833664,0.23195724461594908,0.23639849613995667,0.24254820956376383,0.24790403085194035,0.2537713223812297,0.26098679210575526,0.2674766830444898,0.27315075953611634,0.2798332444691918,0.2858952129929379,0.2910141811180258,0.2966259344550536
ADBE,0.17477526508499874,0.17916470050693262,0.18408928995411006,0.18761445735824772,0.19254135955958296,0.19552612891318272,0.19818855528943335,0.2013087877360329,0.20435358603764603,0.20648905607585283,0.20832430849914674,0.2096263532608887,0.21092721157328626,0.2115332664950066,0.21301121893618574,0.21385591141268373,0.21661248223902596,0.2186866261439384,0.2213986683180318,0.22347758319376537,0.22602929132217325,0.22879136358905244,0.2324191489937839,0.2369146920402994,0.2422408560387836,0.24696123482398075,0.2532423777996549,0.25853202353643645,0.2652457685834121,0.2714270704452212,0.2772237586348129,0.28275214482226885,0.2888497594187485,0.2949460953532658,0.2992406994064419,0.3052242533229123
ASML,0.17892996170581604,0.18373754595584696,0.1882890144838697,0.1919708848560196,0.19541744987966597,0.19818298287655395,0.20051673967103562,0.20307825322651313,0.20522704349044713,0.20636123022121994,0.20755983373094433,0.20900747825610266,0.2097916989819662,0.20987907097186437,0.2103846575980045,0.21142473033911702,0.2135698200667812,0.21648248176168838,0.219633305970365,0.2224495995135491,0.22606940619892735,0.2297643992519982,0.233726243079783,0.2395249309409333,0.24567736894181252,0.2512627003187277,0.25789220359515,0.2641040398382434,0.2703769134901301,0.2771434432471363,0.28362685176164093,0.2892923042859278,0.29612298048130237,0.30232805099586624,0.3072070585896204,0.3124055522869219
ADI,0.13215507652510677,0.14097300074523084,0.14949428432640144,0.15752122763321857,0.16576760052581851,0.17272682790406807,0.17925781437717242,0.1856928682333454,0.19187683634451091,0.19710019650029154,0.20184036553530504,0.20645077337993484,0.21035478453493212,0.2138622302948895,0.2176910519596757,0.22120258581261903,0.2262185978598149,0.23116016308359572,0.23663724723052143,0.24183955952845831,0.24760471559452069,0.2534097381485065,0.259596168855539,0.2673585049757803,0.27538177713421874,0.2831536626816678,0.29196153683270876,0.300495975165622,0.3094238700415439,0.31926429915085447,0.32875128006348464,0.3374999050707734,0.34694305951797144,0.3561012089175677,0.36396229434359745,0.37295999905944566
AMAT,0.12557138421869485,0.13567527240885707,0.1453003826105772,0.15438840115612612,0.1636595704776319,0.17163646798275667,0.17912931642048274,0.18630284328939378,0.19300905104438065,0.19860893849126116,0.20359909493524214,0.2087439550960054,0.21278196223148843,0.2165709749991228,0.2204814517226012,0.22432031886047998,0.22945426482903808,0.23474575579974338,0.24007764576557372,0.2453592280375485,0.25101237320313474,0.2566205294270129,0.2626436720402521,0.27025208969874354,0.27825254637360813,0.28594809463193765,0.29434787443702753,0.3027968114838889,0.31158856206795754,0.3212519267398708,0.3307247790147554,0.33921452598023577,0.3485996517805741,0.35797805719044223,0.365939004423507,0.37472970954713763
ORCL,0.25689863959839143,0.2543018788836231,0.25207965697180074,0.24846893826839744,0.2467429500013557,0.24500802959856427,0.24288795623717824,0.24120252274069254,0.240350984978545,0.23945198299595793,0.23734039531399548,0.23644689553960024,0.23515988736966126,0.2341005562571446,0.23340890892808425,0.23264511414063588,0.234095060534047,0.23494643519835556,0.23633674741991,0.2383689696440311,0.23993629922763987,0.24273262818649438,0.24517966750849707,0.24808182251000266,0.251651525957744,0.2547300665549616,0.2586776566032536,0.2616912221032352,0.2651898792381498,0.2699111198994251,0.27424867269596126,0.2766905308747047,0.28028579789013064,0.284008034763062,0.28687935514589596,0.29023378416791945
PANW,0.18958406514441856,0.19551979391225677,0.20093846635938895,0.20573880850846638,0.21061317549268888,0.21446078673227165,0.2179298278788045,0.22135569612272055,0.22449974518574678,0.2272087292073668,0.22948296651869976,0.23127652871850973,0.23315813755246512,0.23463509432405932,0.23662636770379247,0.238083548400421,0.24152726321818996,0.24497122532158133,0.24883092369658039,0.25253871906190156,0.25647682284590245,0.2606582191914556,0.2652170998066506,0.2707783973340245,0.27618364328380196,0.28114183391882086,0.28725277383737013,0.2929227584653222,0.2990515678789925,0.305438616437958,0.31173056322776793,0.3177017280400548,0.32401098509254805,0.33005768277883596,0.33453284364169916,0.3403568657174319
TXN,0.20065014410530763,0.20852806872084206,0.21610323948430837,0.22322453648611212,0.23064614561975177,0.2369414422829793,0.24282830742660283,0.24870584043528848,0.2543683144713493,0.25919710194424944,0.2634642450880475,0.26765907030991376,0.2711796043174166,0.27437322547776816,0.2779825375964168,0.28118381698718514,0.2860531702447775,0.2908564578972185,0.2959908220849925,0.3010230674253655,0.30642664013673115,0.3119669747419995,0.31793811221766716,0.32540484388205054,0.33328920790721805,0.3408067733969042,0.3493226358212499,0.3576093934096226,0.3662936738781555,0.37592287160962845,0.3852421160692031,0.3937656196546829,0.40307772473198,0.4121618000315739,0.41996665944441736,0.4289904473667444
STX,0.2392240573855265,0.24622858540592396,0.2528639954265963,0.2589340687175784,0.2655677000268254,0.27097420987333853,0.27604918226900027,0.2809092409598734,0.28563503605622714,0.28941842500786175,0.29287983828615455,0.29611819519216065,0.29855341023410714,0.3008185114367986,0.3033536423061868,0.30552332281035244,0.30912876727050076,0.3128562524115002,0.31689389796382555,0.3208359891163033,0.3252923743663344,0.32991409558790735,0.33501758581963814,0.3416818542536517,0.34892916435190374,0.3558281619411792,0.36365482901534174,0.3713140286839842,0.3795239973490575,0.38862250004098237,0.39747145266145323,0.40553005126563324,0.41436816207086247,0.42285918978070236,0.43013237195054865,0.4386520875111254
ADSK,0.22224407371874993,0.23038116217026022,0.2382390035387107,0.2456128773487199,0.25321110603471664,0.2596830314845224,0.26584042911682026,0.27191869841148947,0.2777775324255872,0.282754247941749,0.28709156506879474,0.2913807638113706,0.29488430172090613,0.2980088676080333,0.30137861108576897,0.3045221461662534,0.3092676486184456,0.31393409687336243,0.31902510493447356,0.32393639987435136,0.3292701684902938,0.33468854551044697,0.3405292156005843,0.3479839919760005,0.355866221646505,0.3634455593136816,0.3720973071075638,0.38042526857768055,0.38911622196666407,0.3987682328289715,0.4080370167077366,0.41647715322237033,0.42575414670958045,0.4347952904628843,0.44248899616833515,0.4514765878940328
LRCX,0.27497211333531657,0.28110628060755405,0.2870081789131381,0.2923389057000867,0.2979930125020237,0.30262639651670153,0.3069763928508342,0.3110129974494136,0.3148081752601126,0.3179636495725724,0.3204756505400951,0.32342183292703053,0.32538317547228923,0.32728362530456434,0.3295753775099616,0.3318494622760659,0.3356989591228091,0.33972519138565765,0.3441840679431636,0.3488958044910852,0.3539712565643792,0.3592876208509173,0.36522113271007717,0.37280060454934966,0.3810716826593934,0.3889610651484808,0.39783922760855006,0.4065812471397966,0.4157106821683098,0.4260750697026905,0.43605378372944803,0.4450771285450401,0.4546596941439982,0.4645549339311824,0.4729267535779116,0.4821485236149602
KLAC,0.3659357624606108,0.37448739187639274,0.3827953774285639,0.3905798994290029,0.39852976609540647,0.40525217010242065,0.4116107024615151,0.4177495382874885,0.4236175452986348,0.4284572355643042,0.4328125297369227,0.43729928687341313,0.44093537739829297,0.44421632376788356,0.44772939309767207,0.45113199710628066,0.45585575545019535,0.46068282358008616,0.46596292577956744,0.4709041671290333,0.47633659360045083,0.48183569810844873,0.4877802924207632,0.4953833004561069,0.5034808446218946,0.5112243888311488,0.5199968615932332,0.5285129767791674,0.5373887413126273,0.5471853113683419,0.5565689454643138,0.5652153138281119,0.5746435108539466,0.5838764723566834,0.5917306641384663,0.6006315099203621
INTU,0.3897857725109258,0.39875712040568356,0.40744977737165267,0.4152255760463234,0.4233810389749712,0.43005628920757577,0.43601728073221624,0.4423018345039188,0.44820722889798276,0.4530359111762278,0.4573483251881417,0.46176960314422316,0.46556644273094305,0.4688931051684754,0.47261696180495294,0.4760943304486022,0.48127848163076853,0.48655301482097923,0.4918534811363945,0.4968891721635989,0.5025238631901152,0.5081617755868163,0.5141577116285073,0.5218279671713181,0.5298357410860911,0.5373661358540232,0.5458485430951724,0.5541048508941306,0.5627566581233374,0.5720762230541651,0.5812314983056073,0.5893128196528551,0.5981902358643415,0.6068951952233752,0.6140861411106397,0.622264557722299
